# external time, board time, high voltage target, low voltage target, low voltage monitor, high voltage monitor, current global, current ch1, current ch2, current ch3, current ch4, current ch5, current ch6, current ch7, current ch8
2.687850663000000000e+09,1.390607200000000000e+07,0.000000000000000000e+00,0.000000000000000000e+00,0.000000000000000000e+00,2.015000000000000124e+00,4.200000000000000000e+02,0.000000000000000000e+00,0.000000000000000000e+00,0.000000000000000000e+00,0.000000000000000000e+00,0.000000000000000000e+00,0.000000000000000000e+00,0.000000000000000000e+00,0.000000000000000000e+00
2.687850685000000000e+09,1.390609400000000000e+07,0.000000000000000000e+00,0.000000000000000000e+00,0.000000000000000000e+00,2.015000000000000124e+00,5.460000000000000000e+02,0.000000000000000000e+00,0.000000000000000000e+00,0.000000000000000000e+00,0.000000000000000000e+00,0.000000000000000000e+00,0.000000000000000000e+00,0.000000000000000000e+00,0.000000000000000000e+00
2.687850709000000000e+09,1.390611500000000000e+07,0.000000000000000000e+00,0.000000000000000000e+00,0.000000000000000000e+00,2.015000000000000124e+00,4.720000000000000000e+02,0.000000000000000000e+00,0.000000000000000000e+00,0.000000000000000000e+00,0.000000000000000000e+00,0.000000000000000000e+00,0.000000000000000000e+00,0.000000000000000000e+00,0.000000000000000000e+00
2.687850730000000000e+09,1.390613900000000000e+07,0.000000000000000000e+00,0.000000000000000000e+00,0.000000000000000000e+00,2.015000000000000124e+00,1.070000000000000000e+02,0.000000000000000000e+00,0.000000000000000000e+00,0.000000000000000000e+00,0.000000000000000000e+00,0.000000000000000000e+00,0.000000000000000000e+00,0.000000000000000000e+00,0.000000000000000000e+00
2.687850752000000000e+09,1.390616100000000000e+07,0.000000000000000000e+00,0.000000000000000000e+00,0.000000000000000000e+00,2.015000000000000124e+00,1.470000000000000000e+02,0.000000000000000000e+00,0.000000000000000000e+00,0.000000000000000000e+00,0.000000000000000000e+00,0.000000000000000000e+00,0.000000000000000000e+00,0.000000000000000000e+00,0.000000000000000000e+00
2.687850773000000000e+09,1.390618200000000000e+07,0.000000000000000000e+00,0.000000000000000000e+00,0.000000000000000000e+00,2.015000000000000124e+00,2.940000000000000000e+02,0.000000000000000000e+00,0.000000000000000000e+00,0.000000000000000000e+00,0.000000000000000000e+00,0.000000000000000000e+00,0.000000000000000000e+00,0.000000000000000000e+00,0.000000000000000000e+00
2.687850794000000000e+09,1.390620300000000000e+07,0.000000000000000000e+00,0.000000000000000000e+00,0.000000000000000000e+00,2.015000000000000124e+00,7.130000000000000000e+02,0.000000000000000000e+00,0.000000000000000000e+00,0.000000000000000000e+00,0.000000000000000000e+00,0.000000000000000000e+00,0.000000000000000000e+00,0.000000000000000000e+00,0.000000000000000000e+00
2.687850815000000000e+09,1.390622400000000000e+07,0.000000000000000000e+00,0.000000000000000000e+00,0.000000000000000000e+00,2.015000000000000124e+00,6.130000000000000000e+02,0.000000000000000000e+00,0.000000000000000000e+00,0.000000000000000000e+00,0.000000000000000000e+00,0.000000000000000000e+00,0.000000000000000000e+00,0.000000000000000000e+00,0.000000000000000000e+00
2.687850837000000000e+09,1.390624600000000000e+07,0.000000000000000000e+00,0.000000000000000000e+00,0.000000000000000000e+00,4.030999999999999694e+00,6.070000000000000000e+02,0.000000000000000000e+00,0.000000000000000000e+00,0.000000000000000000e+00,0.000000000000000000e+00,0.000000000000000000e+00,0.000000000000000000e+00,0.000000000000000000e+00,0.000000000000000000e+00
2.687850859000000000e+09,1.390626800000000000e+07,0.000000000000000000e+00,0.000000000000000000e+00,0.000000000000000000e+00,2.015000000000000124e+00,5.190000000000000000e+02,0.000000000000000000e+00,0.000000000000000000e+00,0.000000000000000000e+00,0.000000000000000000e+00,0.000000000000000000e+00,0.000000000000000000e+00,0.000000000000000000e+00,0.000000000000000000e+00
2.687850880000000000e+09,1.390628900000000000e+07,0.000000000000000000e+00,0.000000000000000000e+00,0.000000000000000000e+00,2.015000000000000124e+00,6.540000000000000000e+02,0.000000000000000000e+00,0.000000000000000000e+00,0.000000000000000000e+00,0.000000000000000000e+00,0.000000000000000000e+00,0.000000000000000000e+00,0.000000000000000000e+00,0.000000000000000000e+00
2.687850905000000000e+09,1.390631400000000000e+07,0.000000000000000000e+00,0.000000000000000000e+00,0.000000000000000000e+00,4.030999999999999694e+00,5.030000000000000000e+02,0.000000000000000000e+00,0.000000000000000000e+00,0.000000000000000000e+00,0.000000000000000000e+00,0.000000000000000000e+00,0.000000000000000000e+00,0.000000000000000000e+00,0.000000000000000000e+00
2.687850954000000000e+09,1.390634700000000000e+07,0.000000000000000000e+00,0.000000000000000000e+00,0.000000000000000000e+00,2.015000000000000124e+00,5.940000000000000000e+02,0.000000000000000000e+00,0.000000000000000000e+00,0.000000000000000000e+00,0.000000000000000000e+00,0.000000000000000000e+00,0.000000000000000000e+00,0.000000000000000000e+00,0.000000000000000000e+00
2.687851000000000000e+09,1.390639400000000000e+07,0.000000000000000000e+00,0.000000000000000000e+00,0.000000000000000000e+00,2.015000000000000124e+00,6.240000000000000000e+02,0.000000000000000000e+00,0.000000000000000000e+00,0.000000000000000000e+00,0.000000000000000000e+00,0.000000000000000000e+00,0.000000000000000000e+00,0.000000000000000000e+00,0.000000000000000000e+00
2.687851047000000000e+09,1.390644100000000000e+07,0.000000000000000000e+00,0.000000000000000000e+00,0.000000000000000000e+00,4.030999999999999694e+00,4.960000000000000000e+02,0.000000000000000000e+00,0.000000000000000000e+00,0.000000000000000000e+00,0.000000000000000000e+00,0.000000000000000000e+00,0.000000000000000000e+00,0.000000000000000000e+00,0.000000000000000000e+00
2.687851097000000000e+09,1.390648700000000000e+07,0.000000000000000000e+00,0.000000000000000000e+00,0.000000000000000000e+00,2.015000000000000124e+00,2.190000000000000000e+02,0.000000000000000000e+00,0.000000000000000000e+00,0.000000000000000000e+00,0.000000000000000000e+00,0.000000000000000000e+00,0.000000000000000000e+00,0.000000000000000000e+00,0.000000000000000000e+00
2.687851140000000000e+09,1.390653700000000000e+07,0.000000000000000000e+00,0.000000000000000000e+00,0.000000000000000000e+00,2.015000000000000124e+00,6.320000000000000000e+02,0.000000000000000000e+00,0.000000000000000000e+00,0.000000000000000000e+00,0.000000000000000000e+00,0.000000000000000000e+00,0.000000000000000000e+00,0.000000000000000000e+00,0.000000000000000000e+00
2.687851186000000000e+09,1.390658100000000000e+07,0.000000000000000000e+00,0.000000000000000000e+00,0.000000000000000000e+00,2.015000000000000124e+00,4.290000000000000000e+02,0.000000000000000000e+00,0.000000000000000000e+00,0.000000000000000000e+00,0.000000000000000000e+00,0.000000000000000000e+00,0.000000000000000000e+00,0.000000000000000000e+00,0.000000000000000000e+00
2.687851232000000000e+09,1.390662600000000000e+07,0.000000000000000000e+00,0.000000000000000000e+00,0.000000000000000000e+00,2.015000000000000124e+00,1.450000000000000000e+02,0.000000000000000000e+00,0.000000000000000000e+00,0.000000000000000000e+00,0.000000000000000000e+00,0.000000000000000000e+00,0.000000000000000000e+00,0.000000000000000000e+00,0.000000000000000000e+00
2.687851287000000000e+09,1.390667300000000000e+07,0.000000000000000000e+00,0.000000000000000000e+00,0.000000000000000000e+00,2.015000000000000124e+00,3.940000000000000000e+02,0.000000000000000000e+00,0.000000000000000000e+00,0.000000000000000000e+00,0.000000000000000000e+00,0.000000000000000000e+00,0.000000000000000000e+00,0.000000000000000000e+00,0.000000000000000000e+00
2.687851327000000000e+09,1.390672700000000000e+07,0.000000000000000000e+00,0.000000000000000000e+00,0.000000000000000000e+00,2.015000000000000124e+00,2.320000000000000000e+02,0.000000000000000000e+00,0.000000000000000000e+00,0.000000000000000000e+00,0.000000000000000000e+00,0.000000000000000000e+00,0.000000000000000000e+00,0.000000000000000000e+00,0.000000000000000000e+00
2.687851373000000000e+09,1.390676700000000000e+07,0.000000000000000000e+00,0.000000000000000000e+00,0.000000000000000000e+00,2.015000000000000124e+00,4.670000000000000000e+02,0.000000000000000000e+00,0.000000000000000000e+00,0.000000000000000000e+00,0.000000000000000000e+00,0.000000000000000000e+00,0.000000000000000000e+00,0.000000000000000000e+00,0.000000000000000000e+00
2.687851422000000000e+09,1.390681400000000000e+07,0.000000000000000000e+00,0.000000000000000000e+00,0.000000000000000000e+00,4.030999999999999694e+00,2.530000000000000000e+02,0.000000000000000000e+00,0.000000000000000000e+00,0.000000000000000000e+00,0.000000000000000000e+00,0.000000000000000000e+00,0.000000000000000000e+00,0.000000000000000000e+00,0.000000000000000000e+00
2.687851470000000000e+09,1.390686000000000000e+07,0.000000000000000000e+00,0.000000000000000000e+00,0.000000000000000000e+00,2.015000000000000124e+00,1.490000000000000000e+02,0.000000000000000000e+00,0.000000000000000000e+00,0.000000000000000000e+00,0.000000000000000000e+00,0.000000000000000000e+00,0.000000000000000000e+00,0.000000000000000000e+00,0.000000000000000000e+00
2.687851513000000000e+09,1.390690700000000000e+07,0.000000000000000000e+00,0.000000000000000000e+00,0.000000000000000000e+00,2.015000000000000124e+00,2.580000000000000000e+02,0.000000000000000000e+00,0.000000000000000000e+00,0.000000000000000000e+00,0.000000000000000000e+00,0.000000000000000000e+00,0.000000000000000000e+00,0.000000000000000000e+00,0.000000000000000000e+00
2.687851560000000000e+09,1.390695600000000000e+07,0.000000000000000000e+00,0.000000000000000000e+00,0.000000000000000000e+00,2.015000000000000124e+00,4.820000000000000000e+02,0.000000000000000000e+00,0.000000000000000000e+00,0.000000000000000000e+00,0.000000000000000000e+00,0.000000000000000000e+00,0.000000000000000000e+00,0.000000000000000000e+00,0.000000000000000000e+00
2.687851606000000000e+09,1.390700100000000000e+07,0.000000000000000000e+00,0.000000000000000000e+00,0.000000000000000000e+00,2.015000000000000124e+00,3.510000000000000000e+02,0.000000000000000000e+00,0.000000000000000000e+00,0.000000000000000000e+00,0.000000000000000000e+00,0.000000000000000000e+00,0.000000000000000000e+00,0.000000000000000000e+00,0.000000000000000000e+00
2.687851658000000000e+09,1.390704700000000000e+07,0.000000000000000000e+00,0.000000000000000000e+00,0.000000000000000000e+00,2.015000000000000124e+00,1.920000000000000000e+02,0.000000000000000000e+00,0.000000000000000000e+00,0.000000000000000000e+00,0.000000000000000000e+00,0.000000000000000000e+00,0.000000000000000000e+00,0.000000000000000000e+00,0.000000000000000000e+00
2.687851699000000000e+09,1.390709800000000000e+07,0.000000000000000000e+00,0.000000000000000000e+00,0.000000000000000000e+00,2.015000000000000124e+00,3.380000000000000000e+02,0.000000000000000000e+00,0.000000000000000000e+00,0.000000000000000000e+00,0.000000000000000000e+00,0.000000000000000000e+00,0.000000000000000000e+00,0.000000000000000000e+00,0.000000000000000000e+00
2.687851744000000000e+09,1.390714000000000000e+07,0.000000000000000000e+00,0.000000000000000000e+00,0.000000000000000000e+00,2.015000000000000124e+00,2.060000000000000000e+02,0.000000000000000000e+00,0.000000000000000000e+00,0.000000000000000000e+00,0.000000000000000000e+00,0.000000000000000000e+00,0.000000000000000000e+00,0.000000000000000000e+00,0.000000000000000000e+00
2.687851795000000000e+09,1.390718500000000000e+07,0.000000000000000000e+00,0.000000000000000000e+00,0.000000000000000000e+00,4.030999999999999694e+00,3.920000000000000000e+02,0.000000000000000000e+00,0.000000000000000000e+00,0.000000000000000000e+00,0.000000000000000000e+00,0.000000000000000000e+00,0.000000000000000000e+00,0.000000000000000000e+00,0.000000000000000000e+00
2.687851843000000000e+09,1.390723300000000000e+07,0.000000000000000000e+00,0.000000000000000000e+00,0.000000000000000000e+00,2.015000000000000124e+00,2.360000000000000000e+02,0.000000000000000000e+00,0.000000000000000000e+00,0.000000000000000000e+00,0.000000000000000000e+00,0.000000000000000000e+00,0.000000000000000000e+00,0.000000000000000000e+00,0.000000000000000000e+00
2.687851885000000000e+09,1.390728100000000000e+07,0.000000000000000000e+00,0.000000000000000000e+00,0.000000000000000000e+00,2.015000000000000124e+00,1.490000000000000000e+02,0.000000000000000000e+00,0.000000000000000000e+00,0.000000000000000000e+00,0.000000000000000000e+00,0.000000000000000000e+00,0.000000000000000000e+00,0.000000000000000000e+00,0.000000000000000000e+00
2.687851931000000000e+09,1.390732600000000000e+07,0.000000000000000000e+00,0.000000000000000000e+00,0.000000000000000000e+00,2.015000000000000124e+00,5.230000000000000000e+02,0.000000000000000000e+00,0.000000000000000000e+00,0.000000000000000000e+00,0.000000000000000000e+00,0.000000000000000000e+00,0.000000000000000000e+00,0.000000000000000000e+00,0.000000000000000000e+00
2.687851977000000000e+09,1.390737200000000000e+07,0.000000000000000000e+00,0.000000000000000000e+00,0.000000000000000000e+00,2.015000000000000124e+00,5.320000000000000000e+02,0.000000000000000000e+00,0.000000000000000000e+00,0.000000000000000000e+00,0.000000000000000000e+00,0.000000000000000000e+00,0.000000000000000000e+00,0.000000000000000000e+00,0.000000000000000000e+00
2.687852031000000000e+09,1.390741900000000000e+07,0.000000000000000000e+00,0.000000000000000000e+00,0.000000000000000000e+00,2.015000000000000124e+00,1.150000000000000000e+02,0.000000000000000000e+00,0.000000000000000000e+00,0.000000000000000000e+00,0.000000000000000000e+00,0.000000000000000000e+00,0.000000000000000000e+00,0.000000000000000000e+00,0.000000000000000000e+00
2.687852072000000000e+09,1.390747000000000000e+07,0.000000000000000000e+00,0.000000000000000000e+00,0.000000000000000000e+00,2.015000000000000124e+00,2.410000000000000000e+02,0.000000000000000000e+00,0.000000000000000000e+00,0.000000000000000000e+00,0.000000000000000000e+00,0.000000000000000000e+00,0.000000000000000000e+00,0.000000000000000000e+00,0.000000000000000000e+00
2.687852118000000000e+09,1.390751200000000000e+07,0.000000000000000000e+00,0.000000000000000000e+00,0.000000000000000000e+00,2.015000000000000124e+00,2.850000000000000000e+02,0.000000000000000000e+00,0.000000000000000000e+00,0.000000000000000000e+00,0.000000000000000000e+00,0.000000000000000000e+00,0.000000000000000000e+00,0.000000000000000000e+00,0.000000000000000000e+00
2.687852173000000000e+09,1.390756000000000000e+07,0.000000000000000000e+00,0.000000000000000000e+00,0.000000000000000000e+00,2.015000000000000124e+00,4.970000000000000000e+02,0.000000000000000000e+00,0.000000000000000000e+00,0.000000000000000000e+00,0.000000000000000000e+00,0.000000000000000000e+00,0.000000000000000000e+00,0.000000000000000000e+00,0.000000000000000000e+00
2.687852215000000000e+09,1.390760700000000000e+07,0.000000000000000000e+00,0.000000000000000000e+00,0.000000000000000000e+00,2.015000000000000124e+00,1.870000000000000000e+02,0.000000000000000000e+00,0.000000000000000000e+00,0.000000000000000000e+00,0.000000000000000000e+00,0.000000000000000000e+00,0.000000000000000000e+00,0.000000000000000000e+00,0.000000000000000000e+00
2.687852260000000000e+09,1.390765300000000000e+07,0.000000000000000000e+00,0.000000000000000000e+00,0.000000000000000000e+00,2.015000000000000124e+00,2.330000000000000000e+02,0.000000000000000000e+00,0.000000000000000000e+00,0.000000000000000000e+00,0.000000000000000000e+00,0.000000000000000000e+00,0.000000000000000000e+00,0.000000000000000000e+00,0.000000000000000000e+00
2.687852309000000000e+09,1.390770100000000000e+07,0.000000000000000000e+00,0.000000000000000000e+00,0.000000000000000000e+00,2.015000000000000124e+00,5.820000000000000000e+02,0.000000000000000000e+00,0.000000000000000000e+00,0.000000000000000000e+00,0.000000000000000000e+00,0.000000000000000000e+00,0.000000000000000000e+00,0.000000000000000000e+00,0.000000000000000000e+00
2.687852354000000000e+09,1.390774700000000000e+07,0.000000000000000000e+00,0.000000000000000000e+00,0.000000000000000000e+00,2.015000000000000124e+00,5.050000000000000000e+02,0.000000000000000000e+00,0.000000000000000000e+00,0.000000000000000000e+00,0.000000000000000000e+00,0.000000000000000000e+00,0.000000000000000000e+00,0.000000000000000000e+00,0.000000000000000000e+00
2.687852388000000000e+09,1.390779500000000000e+07,0.000000000000000000e+00,0.000000000000000000e+00,0.000000000000000000e+00,2.015000000000000124e+00,1.550000000000000000e+02,0.000000000000000000e+00,0.000000000000000000e+00,0.000000000000000000e+00,0.000000000000000000e+00,0.000000000000000000e+00,0.000000000000000000e+00,0.000000000000000000e+00,0.000000000000000000e+00
2.687852413000000000e+09,1.390782000000000000e+07,0.000000000000000000e+00,0.000000000000000000e+00,0.000000000000000000e+00,2.015000000000000124e+00,5.180000000000000000e+02,0.000000000000000000e+00,0.000000000000000000e+00,0.000000000000000000e+00,0.000000000000000000e+00,0.000000000000000000e+00,0.000000000000000000e+00,0.000000000000000000e+00,0.000000000000000000e+00
2.687852437000000000e+09,1.390784600000000000e+07,0.000000000000000000e+00,0.000000000000000000e+00,0.000000000000000000e+00,2.015000000000000124e+00,3.650000000000000000e+02,0.000000000000000000e+00,0.000000000000000000e+00,0.000000000000000000e+00,0.000000000000000000e+00,0.000000000000000000e+00,0.000000000000000000e+00,0.000000000000000000e+00,0.000000000000000000e+00
2.687852458000000000e+09,1.390786700000000000e+07,0.000000000000000000e+00,0.000000000000000000e+00,0.000000000000000000e+00,2.015000000000000124e+00,2.330000000000000000e+02,0.000000000000000000e+00,0.000000000000000000e+00,0.000000000000000000e+00,0.000000000000000000e+00,0.000000000000000000e+00,0.000000000000000000e+00,0.000000000000000000e+00,0.000000000000000000e+00
2.687852485000000000e+09,1.390789200000000000e+07,0.000000000000000000e+00,0.000000000000000000e+00,0.000000000000000000e+00,2.015000000000000124e+00,5.300000000000000000e+02,0.000000000000000000e+00,0.000000000000000000e+00,0.000000000000000000e+00,0.000000000000000000e+00,0.000000000000000000e+00,0.000000000000000000e+00,0.000000000000000000e+00,0.000000000000000000e+00
2.687852507000000000e+09,1.390791600000000000e+07,0.000000000000000000e+00,0.000000000000000000e+00,0.000000000000000000e+00,2.015000000000000124e+00,7.140000000000000000e+02,0.000000000000000000e+00,0.000000000000000000e+00,0.000000000000000000e+00,0.000000000000000000e+00,0.000000000000000000e+00,0.000000000000000000e+00,0.000000000000000000e+00,0.000000000000000000e+00
2.687852528000000000e+09,1.390793700000000000e+07,0.000000000000000000e+00,0.000000000000000000e+00,0.000000000000000000e+00,2.015000000000000124e+00,4.460000000000000000e+02,0.000000000000000000e+00,0.000000000000000000e+00,0.000000000000000000e+00,0.000000000000000000e+00,0.000000000000000000e+00,0.000000000000000000e+00,0.000000000000000000e+00,0.000000000000000000e+00
2.687852551000000000e+09,1.390796000000000000e+07,0.000000000000000000e+00,0.000000000000000000e+00,0.000000000000000000e+00,2.015000000000000124e+00,3.130000000000000000e+02,0.000000000000000000e+00,0.000000000000000000e+00,0.000000000000000000e+00,0.000000000000000000e+00,0.000000000000000000e+00,0.000000000000000000e+00,0.000000000000000000e+00,0.000000000000000000e+00
2.687852572000000000e+09,1.390798100000000000e+07,0.000000000000000000e+00,0.000000000000000000e+00,0.000000000000000000e+00,2.015000000000000124e+00,3.400000000000000000e+02,0.000000000000000000e+00,0.000000000000000000e+00,0.000000000000000000e+00,0.000000000000000000e+00,0.000000000000000000e+00,0.000000000000000000e+00,0.000000000000000000e+00,0.000000000000000000e+00
2.687852599000000000e+09,1.390800300000000000e+07,0.000000000000000000e+00,0.000000000000000000e+00,0.000000000000000000e+00,2.015000000000000124e+00,2.320000000000000000e+02,0.000000000000000000e+00,0.000000000000000000e+00,0.000000000000000000e+00,0.000000000000000000e+00,0.000000000000000000e+00,0.000000000000000000e+00,0.000000000000000000e+00,0.000000000000000000e+00
2.687852622000000000e+09,1.390803100000000000e+07,0.000000000000000000e+00,0.000000000000000000e+00,0.000000000000000000e+00,2.015000000000000124e+00,2.260000000000000000e+02,0.000000000000000000e+00,0.000000000000000000e+00,0.000000000000000000e+00,0.000000000000000000e+00,0.000000000000000000e+00,0.000000000000000000e+00,0.000000000000000000e+00,0.000000000000000000e+00
2.687852667000000000e+09,1.390805900000000000e+07,0.000000000000000000e+00,0.000000000000000000e+00,0.000000000000000000e+00,2.015000000000000124e+00,4.690000000000000000e+02,0.000000000000000000e+00,0.000000000000000000e+00,0.000000000000000000e+00,0.000000000000000000e+00,0.000000000000000000e+00,0.000000000000000000e+00,0.000000000000000000e+00,0.000000000000000000e+00
2.687852719000000000e+09,1.390810700000000000e+07,0.000000000000000000e+00,0.000000000000000000e+00,0.000000000000000000e+00,2.015000000000000124e+00,1.900000000000000000e+02,0.000000000000000000e+00,0.000000000000000000e+00,0.000000000000000000e+00,0.000000000000000000e+00,0.000000000000000000e+00,0.000000000000000000e+00,0.000000000000000000e+00,0.000000000000000000e+00
2.687852761000000000e+09,1.390815700000000000e+07,0.000000000000000000e+00,0.000000000000000000e+00,0.000000000000000000e+00,2.015000000000000124e+00,1.770000000000000000e+02,0.000000000000000000e+00,0.000000000000000000e+00,0.000000000000000000e+00,0.000000000000000000e+00,0.000000000000000000e+00,0.000000000000000000e+00,0.000000000000000000e+00,0.000000000000000000e+00
2.687852805000000000e+09,1.390819900000000000e+07,0.000000000000000000e+00,0.000000000000000000e+00,0.000000000000000000e+00,2.015000000000000124e+00,1.320000000000000000e+02,0.000000000000000000e+00,0.000000000000000000e+00,0.000000000000000000e+00,0.000000000000000000e+00,0.000000000000000000e+00,0.000000000000000000e+00,0.000000000000000000e+00,0.000000000000000000e+00
2.687852856000000000e+09,1.390824700000000000e+07,0.000000000000000000e+00,0.000000000000000000e+00,0.000000000000000000e+00,2.015000000000000124e+00,6.210000000000000000e+02,0.000000000000000000e+00,0.000000000000000000e+00,0.000000000000000000e+00,0.000000000000000000e+00,0.000000000000000000e+00,0.000000000000000000e+00,0.000000000000000000e+00,0.000000000000000000e+00
2.687852903000000000e+09,1.390829200000000000e+07,0.000000000000000000e+00,0.000000000000000000e+00,0.000000000000000000e+00,2.015000000000000124e+00,3.950000000000000000e+02,0.000000000000000000e+00,0.000000000000000000e+00,0.000000000000000000e+00,0.000000000000000000e+00,0.000000000000000000e+00,0.000000000000000000e+00,0.000000000000000000e+00,0.000000000000000000e+00
2.687852944000000000e+09,1.390834000000000000e+07,0.000000000000000000e+00,0.000000000000000000e+00,0.000000000000000000e+00,2.015000000000000124e+00,4.530000000000000000e+02,0.000000000000000000e+00,0.000000000000000000e+00,0.000000000000000000e+00,0.000000000000000000e+00,0.000000000000000000e+00,0.000000000000000000e+00,0.000000000000000000e+00,0.000000000000000000e+00
2.687852990000000000e+09,1.390839100000000000e+07,0.000000000000000000e+00,0.000000000000000000e+00,0.000000000000000000e+00,2.015000000000000124e+00,6.810000000000000000e+02,0.000000000000000000e+00,0.000000000000000000e+00,0.000000000000000000e+00,0.000000000000000000e+00,0.000000000000000000e+00,0.000000000000000000e+00,0.000000000000000000e+00,0.000000000000000000e+00
2.687853012000000000e+09,1.390842100000000000e+07,0.000000000000000000e+00,0.000000000000000000e+00,0.000000000000000000e+00,4.030999999999999694e+00,1.620000000000000000e+02,0.000000000000000000e+00,0.000000000000000000e+00,0.000000000000000000e+00,0.000000000000000000e+00,0.000000000000000000e+00,0.000000000000000000e+00,0.000000000000000000e+00,0.000000000000000000e+00
2.687853038000000000e+09,1.390844300000000000e+07,0.000000000000000000e+00,0.000000000000000000e+00,0.000000000000000000e+00,2.015000000000000124e+00,1.380000000000000000e+02,0.000000000000000000e+00,0.000000000000000000e+00,0.000000000000000000e+00,0.000000000000000000e+00,0.000000000000000000e+00,0.000000000000000000e+00,0.000000000000000000e+00,0.000000000000000000e+00
2.687853061000000000e+09,1.390847000000000000e+07,0.000000000000000000e+00,0.000000000000000000e+00,0.000000000000000000e+00,4.030999999999999694e+00,1.830000000000000000e+02,0.000000000000000000e+00,0.000000000000000000e+00,0.000000000000000000e+00,0.000000000000000000e+00,0.000000000000000000e+00,0.000000000000000000e+00,0.000000000000000000e+00,0.000000000000000000e+00
2.687853084000000000e+09,1.390849200000000000e+07,0.000000000000000000e+00,0.000000000000000000e+00,0.000000000000000000e+00,2.015000000000000124e+00,3.000000000000000000e+02,0.000000000000000000e+00,0.000000000000000000e+00,0.000000000000000000e+00,0.000000000000000000e+00,0.000000000000000000e+00,0.000000000000000000e+00,0.000000000000000000e+00,0.000000000000000000e+00
2.687853106000000000e+09,1.390851400000000000e+07,0.000000000000000000e+00,0.000000000000000000e+00,0.000000000000000000e+00,2.015000000000000124e+00,3.350000000000000000e+02,0.000000000000000000e+00,0.000000000000000000e+00,0.000000000000000000e+00,0.000000000000000000e+00,0.000000000000000000e+00,0.000000000000000000e+00,0.000000000000000000e+00,0.000000000000000000e+00
2.687853127000000000e+09,1.390853600000000000e+07,0.000000000000000000e+00,0.000000000000000000e+00,0.000000000000000000e+00,2.015000000000000124e+00,2.950000000000000000e+02,0.000000000000000000e+00,0.000000000000000000e+00,0.000000000000000000e+00,0.000000000000000000e+00,0.000000000000000000e+00,0.000000000000000000e+00,0.000000000000000000e+00,0.000000000000000000e+00
2.687853149000000000e+09,1.390855800000000000e+07,0.000000000000000000e+00,0.000000000000000000e+00,0.000000000000000000e+00,2.015000000000000124e+00,6.880000000000000000e+02,0.000000000000000000e+00,0.000000000000000000e+00,0.000000000000000000e+00,0.000000000000000000e+00,0.000000000000000000e+00,0.000000000000000000e+00,0.000000000000000000e+00,0.000000000000000000e+00
2.687853172000000000e+09,1.390858100000000000e+07,0.000000000000000000e+00,0.000000000000000000e+00,0.000000000000000000e+00,2.015000000000000124e+00,6.520000000000000000e+02,0.000000000000000000e+00,0.000000000000000000e+00,0.000000000000000000e+00,0.000000000000000000e+00,0.000000000000000000e+00,0.000000000000000000e+00,0.000000000000000000e+00,0.000000000000000000e+00
2.687853195000000000e+09,1.390860300000000000e+07,0.000000000000000000e+00,0.000000000000000000e+00,0.000000000000000000e+00,2.015000000000000124e+00,4.540000000000000000e+02,0.000000000000000000e+00,0.000000000000000000e+00,0.000000000000000000e+00,0.000000000000000000e+00,0.000000000000000000e+00,0.000000000000000000e+00,0.000000000000000000e+00,0.000000000000000000e+00
2.687853221000000000e+09,1.390862500000000000e+07,0.000000000000000000e+00,0.000000000000000000e+00,0.000000000000000000e+00,2.015000000000000124e+00,5.460000000000000000e+02,0.000000000000000000e+00,0.000000000000000000e+00,0.000000000000000000e+00,0.000000000000000000e+00,0.000000000000000000e+00,0.000000000000000000e+00,0.000000000000000000e+00,0.000000000000000000e+00
2.687853243000000000e+09,1.390865100000000000e+07,0.000000000000000000e+00,0.000000000000000000e+00,0.000000000000000000e+00,4.030999999999999694e+00,1.550000000000000000e+02,0.000000000000000000e+00,0.000000000000000000e+00,0.000000000000000000e+00,0.000000000000000000e+00,0.000000000000000000e+00,0.000000000000000000e+00,0.000000000000000000e+00,0.000000000000000000e+00
2.687853265000000000e+09,1.390867400000000000e+07,0.000000000000000000e+00,0.000000000000000000e+00,0.000000000000000000e+00,2.015000000000000124e+00,2.270000000000000000e+02,0.000000000000000000e+00,0.000000000000000000e+00,0.000000000000000000e+00,0.000000000000000000e+00,0.000000000000000000e+00,0.000000000000000000e+00,0.000000000000000000e+00,0.000000000000000000e+00
2.687853290000000000e+09,1.390869700000000000e+07,0.000000000000000000e+00,0.000000000000000000e+00,0.000000000000000000e+00,2.015000000000000124e+00,3.310000000000000000e+02,0.000000000000000000e+00,0.000000000000000000e+00,0.000000000000000000e+00,0.000000000000000000e+00,0.000000000000000000e+00,0.000000000000000000e+00,0.000000000000000000e+00,0.000000000000000000e+00
2.687853312000000000e+09,1.390872100000000000e+07,0.000000000000000000e+00,0.000000000000000000e+00,0.000000000000000000e+00,2.015000000000000124e+00,4.990000000000000000e+02,0.000000000000000000e+00,0.000000000000000000e+00,0.000000000000000000e+00,0.000000000000000000e+00,0.000000000000000000e+00,0.000000000000000000e+00,0.000000000000000000e+00,0.000000000000000000e+00
2.687853333000000000e+09,1.390874200000000000e+07,0.000000000000000000e+00,0.000000000000000000e+00,0.000000000000000000e+00,2.015000000000000124e+00,1.930000000000000000e+02,0.000000000000000000e+00,0.000000000000000000e+00,0.000000000000000000e+00,0.000000000000000000e+00,0.000000000000000000e+00,0.000000000000000000e+00,0.000000000000000000e+00,0.000000000000000000e+00
2.687853355000000000e+09,1.390876400000000000e+07,0.000000000000000000e+00,0.000000000000000000e+00,0.000000000000000000e+00,2.015000000000000124e+00,1.610000000000000000e+02,0.000000000000000000e+00,0.000000000000000000e+00,0.000000000000000000e+00,0.000000000000000000e+00,0.000000000000000000e+00,0.000000000000000000e+00,0.000000000000000000e+00,0.000000000000000000e+00
2.687853376000000000e+09,1.390878500000000000e+07,0.000000000000000000e+00,0.000000000000000000e+00,0.000000000000000000e+00,2.015000000000000124e+00,7.360000000000000000e+02,0.000000000000000000e+00,0.000000000000000000e+00,0.000000000000000000e+00,0.000000000000000000e+00,0.000000000000000000e+00,0.000000000000000000e+00,0.000000000000000000e+00,0.000000000000000000e+00
2.687853397000000000e+09,1.390880600000000000e+07,0.000000000000000000e+00,0.000000000000000000e+00,0.000000000000000000e+00,2.015000000000000124e+00,1.400000000000000000e+02,0.000000000000000000e+00,0.000000000000000000e+00,0.000000000000000000e+00,0.000000000000000000e+00,0.000000000000000000e+00,0.000000000000000000e+00,0.000000000000000000e+00,0.000000000000000000e+00
2.687853419000000000e+09,1.390882800000000000e+07,0.000000000000000000e+00,0.000000000000000000e+00,0.000000000000000000e+00,2.015000000000000124e+00,1.850000000000000000e+02,0.000000000000000000e+00,0.000000000000000000e+00,0.000000000000000000e+00,0.000000000000000000e+00,0.000000000000000000e+00,0.000000000000000000e+00,0.000000000000000000e+00,0.000000000000000000e+00
2.687853463000000000e+09,1.390885200000000000e+07,0.000000000000000000e+00,0.000000000000000000e+00,0.000000000000000000e+00,2.015000000000000124e+00,7.090000000000000000e+02,0.000000000000000000e+00,0.000000000000000000e+00,0.000000000000000000e+00,0.000000000000000000e+00,0.000000000000000000e+00,0.000000000000000000e+00,0.000000000000000000e+00,0.000000000000000000e+00
2.687853504000000000e+09,1.390890100000000000e+07,0.000000000000000000e+00,0.000000000000000000e+00,0.000000000000000000e+00,4.030999999999999694e+00,1.340000000000000000e+02,0.000000000000000000e+00,0.000000000000000000e+00,0.000000000000000000e+00,0.000000000000000000e+00,0.000000000000000000e+00,0.000000000000000000e+00,0.000000000000000000e+00,0.000000000000000000e+00
2.687853551000000000e+09,1.390894600000000000e+07,0.000000000000000000e+00,0.000000000000000000e+00,0.000000000000000000e+00,2.015000000000000124e+00,2.530000000000000000e+02,0.000000000000000000e+00,0.000000000000000000e+00,0.000000000000000000e+00,0.000000000000000000e+00,0.000000000000000000e+00,0.000000000000000000e+00,0.000000000000000000e+00,0.000000000000000000e+00
2.687853573000000000e+09,1.390898200000000000e+07,0.000000000000000000e+00,0.000000000000000000e+00,0.000000000000000000e+00,2.015000000000000124e+00,4.510000000000000000e+02,0.000000000000000000e+00,0.000000000000000000e+00,0.000000000000000000e+00,0.000000000000000000e+00,0.000000000000000000e+00,0.000000000000000000e+00,0.000000000000000000e+00,0.000000000000000000e+00
2.687853596000000000e+09,1.390900300000000000e+07,0.000000000000000000e+00,0.000000000000000000e+00,0.000000000000000000e+00,2.015000000000000124e+00,3.660000000000000000e+02,0.000000000000000000e+00,0.000000000000000000e+00,0.000000000000000000e+00,0.000000000000000000e+00,0.000000000000000000e+00,0.000000000000000000e+00,0.000000000000000000e+00,0.000000000000000000e+00
2.687853619000000000e+09,1.390902800000000000e+07,0.000000000000000000e+00,0.000000000000000000e+00,0.000000000000000000e+00,2.015000000000000124e+00,5.520000000000000000e+02,0.000000000000000000e+00,0.000000000000000000e+00,0.000000000000000000e+00,0.000000000000000000e+00,0.000000000000000000e+00,0.000000000000000000e+00,0.000000000000000000e+00,0.000000000000000000e+00
2.687853644000000000e+09,1.390905000000000000e+07,0.000000000000000000e+00,0.000000000000000000e+00,0.000000000000000000e+00,2.015000000000000124e+00,4.570000000000000000e+02,0.000000000000000000e+00,0.000000000000000000e+00,0.000000000000000000e+00,0.000000000000000000e+00,0.000000000000000000e+00,0.000000000000000000e+00,0.000000000000000000e+00,0.000000000000000000e+00
2.687853666000000000e+09,1.390907500000000000e+07,0.000000000000000000e+00,0.000000000000000000e+00,0.000000000000000000e+00,2.015000000000000124e+00,3.610000000000000000e+02,0.000000000000000000e+00,0.000000000000000000e+00,0.000000000000000000e+00,0.000000000000000000e+00,0.000000000000000000e+00,0.000000000000000000e+00,0.000000000000000000e+00,0.000000000000000000e+00
2.687853689000000000e+09,1.390909700000000000e+07,0.000000000000000000e+00,0.000000000000000000e+00,0.000000000000000000e+00,2.015000000000000124e+00,2.270000000000000000e+02,0.000000000000000000e+00,0.000000000000000000e+00,0.000000000000000000e+00,0.000000000000000000e+00,0.000000000000000000e+00,0.000000000000000000e+00,0.000000000000000000e+00,0.000000000000000000e+00
2.687853719000000000e+09,1.390911900000000000e+07,0.000000000000000000e+00,0.000000000000000000e+00,0.000000000000000000e+00,2.015000000000000124e+00,7.420000000000000000e+02,0.000000000000000000e+00,0.000000000000000000e+00,0.000000000000000000e+00,0.000000000000000000e+00,0.000000000000000000e+00,0.000000000000000000e+00,0.000000000000000000e+00,0.000000000000000000e+00
2.687853741000000000e+09,1.390914900000000000e+07,0.000000000000000000e+00,0.000000000000000000e+00,0.000000000000000000e+00,4.030999999999999694e+00,3.010000000000000000e+02,0.000000000000000000e+00,0.000000000000000000e+00,0.000000000000000000e+00,0.000000000000000000e+00,0.000000000000000000e+00,0.000000000000000000e+00,0.000000000000000000e+00,0.000000000000000000e+00
2.687853762000000000e+09,1.390917000000000000e+07,0.000000000000000000e+00,0.000000000000000000e+00,0.000000000000000000e+00,2.015000000000000124e+00,5.010000000000000000e+02,0.000000000000000000e+00,0.000000000000000000e+00,0.000000000000000000e+00,0.000000000000000000e+00,0.000000000000000000e+00,0.000000000000000000e+00,0.000000000000000000e+00,0.000000000000000000e+00
2.687853783000000000e+09,1.390919200000000000e+07,0.000000000000000000e+00,0.000000000000000000e+00,0.000000000000000000e+00,2.015000000000000124e+00,3.310000000000000000e+02,0.000000000000000000e+00,0.000000000000000000e+00,0.000000000000000000e+00,0.000000000000000000e+00,0.000000000000000000e+00,0.000000000000000000e+00,0.000000000000000000e+00,0.000000000000000000e+00
2.687853804000000000e+09,1.390921300000000000e+07,0.000000000000000000e+00,0.000000000000000000e+00,0.000000000000000000e+00,2.015000000000000124e+00,6.460000000000000000e+02,0.000000000000000000e+00,0.000000000000000000e+00,0.000000000000000000e+00,0.000000000000000000e+00,0.000000000000000000e+00,0.000000000000000000e+00,0.000000000000000000e+00,0.000000000000000000e+00
2.687853825000000000e+09,1.390923400000000000e+07,0.000000000000000000e+00,0.000000000000000000e+00,0.000000000000000000e+00,2.015000000000000124e+00,3.060000000000000000e+02,0.000000000000000000e+00,0.000000000000000000e+00,0.000000000000000000e+00,0.000000000000000000e+00,0.000000000000000000e+00,0.000000000000000000e+00,0.000000000000000000e+00,0.000000000000000000e+00
2.687853848000000000e+09,1.390925700000000000e+07,0.000000000000000000e+00,0.000000000000000000e+00,0.000000000000000000e+00,2.015000000000000124e+00,2.840000000000000000e+02,0.000000000000000000e+00,0.000000000000000000e+00,0.000000000000000000e+00,0.000000000000000000e+00,0.000000000000000000e+00,0.000000000000000000e+00,0.000000000000000000e+00,0.000000000000000000e+00
2.687853870000000000e+09,1.390927800000000000e+07,0.000000000000000000e+00,0.000000000000000000e+00,0.000000000000000000e+00,2.015000000000000124e+00,1.470000000000000000e+02,0.000000000000000000e+00,0.000000000000000000e+00,0.000000000000000000e+00,0.000000000000000000e+00,0.000000000000000000e+00,0.000000000000000000e+00,0.000000000000000000e+00,0.000000000000000000e+00
2.687853895000000000e+09,1.390930000000000000e+07,0.000000000000000000e+00,0.000000000000000000e+00,0.000000000000000000e+00,2.015000000000000124e+00,1.520000000000000000e+02,0.000000000000000000e+00,0.000000000000000000e+00,0.000000000000000000e+00,0.000000000000000000e+00,0.000000000000000000e+00,0.000000000000000000e+00,0.000000000000000000e+00,0.000000000000000000e+00
2.687853916000000000e+09,1.390932500000000000e+07,0.000000000000000000e+00,0.000000000000000000e+00,0.000000000000000000e+00,4.030999999999999694e+00,5.440000000000000000e+02,0.000000000000000000e+00,0.000000000000000000e+00,0.000000000000000000e+00,0.000000000000000000e+00,0.000000000000000000e+00,0.000000000000000000e+00,0.000000000000000000e+00,0.000000000000000000e+00
2.687853937000000000e+09,1.390934600000000000e+07,0.000000000000000000e+00,0.000000000000000000e+00,0.000000000000000000e+00,2.015000000000000124e+00,3.970000000000000000e+02,0.000000000000000000e+00,0.000000000000000000e+00,0.000000000000000000e+00,0.000000000000000000e+00,0.000000000000000000e+00,0.000000000000000000e+00,0.000000000000000000e+00,0.000000000000000000e+00
2.687853959000000000e+09,1.390936700000000000e+07,0.000000000000000000e+00,0.000000000000000000e+00,0.000000000000000000e+00,2.015000000000000124e+00,6.990000000000000000e+02,0.000000000000000000e+00,0.000000000000000000e+00,0.000000000000000000e+00,0.000000000000000000e+00,0.000000000000000000e+00,0.000000000000000000e+00,0.000000000000000000e+00,0.000000000000000000e+00
2.687853984000000000e+09,1.390939300000000000e+07,0.000000000000000000e+00,0.000000000000000000e+00,0.000000000000000000e+00,2.015000000000000124e+00,2.960000000000000000e+02,0.000000000000000000e+00,0.000000000000000000e+00,0.000000000000000000e+00,0.000000000000000000e+00,0.000000000000000000e+00,0.000000000000000000e+00,0.000000000000000000e+00,0.000000000000000000e+00
2.687854007000000000e+09,1.390941500000000000e+07,0.000000000000000000e+00,0.000000000000000000e+00,0.000000000000000000e+00,2.015000000000000124e+00,1.990000000000000000e+02,0.000000000000000000e+00,0.000000000000000000e+00,0.000000000000000000e+00,0.000000000000000000e+00,0.000000000000000000e+00,0.000000000000000000e+00,0.000000000000000000e+00,0.000000000000000000e+00
2.687854034000000000e+09,1.390943700000000000e+07,0.000000000000000000e+00,0.000000000000000000e+00,0.000000000000000000e+00,2.015000000000000124e+00,3.310000000000000000e+02,0.000000000000000000e+00,0.000000000000000000e+00,0.000000000000000000e+00,0.000000000000000000e+00,0.000000000000000000e+00,0.000000000000000000e+00,0.000000000000000000e+00,0.000000000000000000e+00
2.687854056000000000e+09,1.390946400000000000e+07,0.000000000000000000e+00,0.000000000000000000e+00,0.000000000000000000e+00,2.015000000000000124e+00,6.320000000000000000e+02,0.000000000000000000e+00,0.000000000000000000e+00,0.000000000000000000e+00,0.000000000000000000e+00,0.000000000000000000e+00,0.000000000000000000e+00,0.000000000000000000e+00,0.000000000000000000e+00
2.687854079000000000e+09,1.390948600000000000e+07,0.000000000000000000e+00,0.000000000000000000e+00,0.000000000000000000e+00,2.015000000000000124e+00,9.900000000000000000e+01,0.000000000000000000e+00,0.000000000000000000e+00,0.000000000000000000e+00,0.000000000000000000e+00,0.000000000000000000e+00,0.000000000000000000e+00,0.000000000000000000e+00,0.000000000000000000e+00
2.687854101000000000e+09,1.390951000000000000e+07,0.000000000000000000e+00,0.000000000000000000e+00,0.000000000000000000e+00,2.015000000000000124e+00,6.780000000000000000e+02,0.000000000000000000e+00,0.000000000000000000e+00,0.000000000000000000e+00,0.000000000000000000e+00,0.000000000000000000e+00,0.000000000000000000e+00,0.000000000000000000e+00,0.000000000000000000e+00
2.687854123000000000e+09,1.390953200000000000e+07,0.000000000000000000e+00,0.000000000000000000e+00,0.000000000000000000e+00,2.015000000000000124e+00,5.960000000000000000e+02,0.000000000000000000e+00,0.000000000000000000e+00,0.000000000000000000e+00,0.000000000000000000e+00,0.000000000000000000e+00,0.000000000000000000e+00,0.000000000000000000e+00,0.000000000000000000e+00
2.687854146000000000e+09,1.390955400000000000e+07,0.000000000000000000e+00,0.000000000000000000e+00,0.000000000000000000e+00,2.015000000000000124e+00,2.250000000000000000e+02,0.000000000000000000e+00,0.000000000000000000e+00,0.000000000000000000e+00,0.000000000000000000e+00,0.000000000000000000e+00,0.000000000000000000e+00,0.000000000000000000e+00,0.000000000000000000e+00
2.687854172000000000e+09,1.390958100000000000e+07,0.000000000000000000e+00,0.000000000000000000e+00,0.000000000000000000e+00,2.015000000000000124e+00,2.170000000000000000e+02,0.000000000000000000e+00,0.000000000000000000e+00,0.000000000000000000e+00,0.000000000000000000e+00,0.000000000000000000e+00,0.000000000000000000e+00,0.000000000000000000e+00,0.000000000000000000e+00
2.687854194000000000e+09,1.390960200000000000e+07,0.000000000000000000e+00,0.000000000000000000e+00,0.000000000000000000e+00,2.015000000000000124e+00,2.000000000000000000e+02,0.000000000000000000e+00,0.000000000000000000e+00,0.000000000000000000e+00,0.000000000000000000e+00,0.000000000000000000e+00,0.000000000000000000e+00,0.000000000000000000e+00,0.000000000000000000e+00
2.687854218000000000e+09,1.390962500000000000e+07,0.000000000000000000e+00,0.000000000000000000e+00,0.000000000000000000e+00,2.015000000000000124e+00,1.170000000000000000e+02,0.000000000000000000e+00,0.000000000000000000e+00,0.000000000000000000e+00,0.000000000000000000e+00,0.000000000000000000e+00,0.000000000000000000e+00,0.000000000000000000e+00,0.000000000000000000e+00
2.687854240000000000e+09,1.390964900000000000e+07,0.000000000000000000e+00,0.000000000000000000e+00,0.000000000000000000e+00,2.015000000000000124e+00,5.930000000000000000e+02,0.000000000000000000e+00,0.000000000000000000e+00,0.000000000000000000e+00,0.000000000000000000e+00,0.000000000000000000e+00,0.000000000000000000e+00,0.000000000000000000e+00,0.000000000000000000e+00
2.687854262000000000e+09,1.390967000000000000e+07,0.000000000000000000e+00,0.000000000000000000e+00,0.000000000000000000e+00,2.015000000000000124e+00,3.480000000000000000e+02,0.000000000000000000e+00,0.000000000000000000e+00,0.000000000000000000e+00,0.000000000000000000e+00,0.000000000000000000e+00,0.000000000000000000e+00,0.000000000000000000e+00,0.000000000000000000e+00
2.687854286000000000e+09,1.390969200000000000e+07,0.000000000000000000e+00,0.000000000000000000e+00,0.000000000000000000e+00,2.015000000000000124e+00,6.430000000000000000e+02,0.000000000000000000e+00,0.000000000000000000e+00,0.000000000000000000e+00,0.000000000000000000e+00,0.000000000000000000e+00,0.000000000000000000e+00,0.000000000000000000e+00,0.000000000000000000e+00
2.687854307000000000e+09,1.390971600000000000e+07,0.000000000000000000e+00,0.000000000000000000e+00,0.000000000000000000e+00,2.015000000000000124e+00,1.360000000000000000e+02,0.000000000000000000e+00,0.000000000000000000e+00,0.000000000000000000e+00,0.000000000000000000e+00,0.000000000000000000e+00,0.000000000000000000e+00,0.000000000000000000e+00,0.000000000000000000e+00
2.687854330000000000e+09,1.390973700000000000e+07,0.000000000000000000e+00,0.000000000000000000e+00,0.000000000000000000e+00,2.015000000000000124e+00,5.090000000000000000e+02,0.000000000000000000e+00,0.000000000000000000e+00,0.000000000000000000e+00,0.000000000000000000e+00,0.000000000000000000e+00,0.000000000000000000e+00,0.000000000000000000e+00,0.000000000000000000e+00
2.687854352000000000e+09,1.390976000000000000e+07,0.000000000000000000e+00,0.000000000000000000e+00,0.000000000000000000e+00,2.015000000000000124e+00,7.320000000000000000e+02,0.000000000000000000e+00,0.000000000000000000e+00,0.000000000000000000e+00,0.000000000000000000e+00,0.000000000000000000e+00,0.000000000000000000e+00,0.000000000000000000e+00,0.000000000000000000e+00
2.687854373000000000e+09,1.390978200000000000e+07,0.000000000000000000e+00,0.000000000000000000e+00,0.000000000000000000e+00,2.015000000000000124e+00,9.400000000000000000e+01,0.000000000000000000e+00,0.000000000000000000e+00,0.000000000000000000e+00,0.000000000000000000e+00,0.000000000000000000e+00,0.000000000000000000e+00,0.000000000000000000e+00,0.000000000000000000e+00
2.687854395000000000e+09,1.390980400000000000e+07,0.000000000000000000e+00,0.000000000000000000e+00,0.000000000000000000e+00,2.015000000000000124e+00,1.630000000000000000e+02,0.000000000000000000e+00,0.000000000000000000e+00,0.000000000000000000e+00,0.000000000000000000e+00,0.000000000000000000e+00,0.000000000000000000e+00,0.000000000000000000e+00,0.000000000000000000e+00
2.687854423000000000e+09,1.390983200000000000e+07,0.000000000000000000e+00,0.000000000000000000e+00,0.000000000000000000e+00,2.015000000000000124e+00,6.090000000000000000e+02,0.000000000000000000e+00,0.000000000000000000e+00,0.000000000000000000e+00,0.000000000000000000e+00,0.000000000000000000e+00,0.000000000000000000e+00,0.000000000000000000e+00,0.000000000000000000e+00
2.687854444000000000e+09,1.390985300000000000e+07,0.000000000000000000e+00,0.000000000000000000e+00,0.000000000000000000e+00,2.015000000000000124e+00,2.390000000000000000e+02,0.000000000000000000e+00,0.000000000000000000e+00,0.000000000000000000e+00,0.000000000000000000e+00,0.000000000000000000e+00,0.000000000000000000e+00,0.000000000000000000e+00,0.000000000000000000e+00
2.687854466000000000e+09,1.390987400000000000e+07,0.000000000000000000e+00,0.000000000000000000e+00,0.000000000000000000e+00,2.015000000000000124e+00,6.840000000000000000e+02,0.000000000000000000e+00,0.000000000000000000e+00,0.000000000000000000e+00,0.000000000000000000e+00,0.000000000000000000e+00,0.000000000000000000e+00,0.000000000000000000e+00,0.000000000000000000e+00
2.687854488000000000e+09,1.390989600000000000e+07,0.000000000000000000e+00,0.000000000000000000e+00,0.000000000000000000e+00,2.015000000000000124e+00,1.960000000000000000e+02,0.000000000000000000e+00,0.000000000000000000e+00,0.000000000000000000e+00,0.000000000000000000e+00,0.000000000000000000e+00,0.000000000000000000e+00,0.000000000000000000e+00,0.000000000000000000e+00
2.687854509000000000e+09,1.390991800000000000e+07,0.000000000000000000e+00,0.000000000000000000e+00,0.000000000000000000e+00,2.015000000000000124e+00,4.270000000000000000e+02,0.000000000000000000e+00,0.000000000000000000e+00,0.000000000000000000e+00,0.000000000000000000e+00,0.000000000000000000e+00,0.000000000000000000e+00,0.000000000000000000e+00,0.000000000000000000e+00
2.687854531000000000e+09,1.390993900000000000e+07,0.000000000000000000e+00,0.000000000000000000e+00,0.000000000000000000e+00,2.015000000000000124e+00,4.080000000000000000e+02,0.000000000000000000e+00,0.000000000000000000e+00,0.000000000000000000e+00,0.000000000000000000e+00,0.000000000000000000e+00,0.000000000000000000e+00,0.000000000000000000e+00,0.000000000000000000e+00
2.687854553000000000e+09,1.390996200000000000e+07,0.000000000000000000e+00,0.000000000000000000e+00,0.000000000000000000e+00,2.015000000000000124e+00,1.660000000000000000e+02,0.000000000000000000e+00,0.000000000000000000e+00,0.000000000000000000e+00,0.000000000000000000e+00,0.000000000000000000e+00,0.000000000000000000e+00,0.000000000000000000e+00,0.000000000000000000e+00
2.687854598000000000e+09,1.390998600000000000e+07,0.000000000000000000e+00,0.000000000000000000e+00,0.000000000000000000e+00,2.015000000000000124e+00,4.070000000000000000e+02,0.000000000000000000e+00,0.000000000000000000e+00,0.000000000000000000e+00,0.000000000000000000e+00,0.000000000000000000e+00,0.000000000000000000e+00,0.000000000000000000e+00,0.000000000000000000e+00
2.687854638000000000e+09,1.391003200000000000e+07,0.000000000000000000e+00,0.000000000000000000e+00,0.000000000000000000e+00,2.015000000000000124e+00,3.660000000000000000e+02,0.000000000000000000e+00,0.000000000000000000e+00,0.000000000000000000e+00,0.000000000000000000e+00,0.000000000000000000e+00,0.000000000000000000e+00,0.000000000000000000e+00,0.000000000000000000e+00
2.687854684000000000e+09,1.391007800000000000e+07,0.000000000000000000e+00,0.000000000000000000e+00,0.000000000000000000e+00,2.015000000000000124e+00,2.280000000000000000e+02,0.000000000000000000e+00,0.000000000000000000e+00,0.000000000000000000e+00,0.000000000000000000e+00,0.000000000000000000e+00,0.000000000000000000e+00,0.000000000000000000e+00,0.000000000000000000e+00
2.687854732000000000e+09,1.391012500000000000e+07,0.000000000000000000e+00,0.000000000000000000e+00,0.000000000000000000e+00,2.015000000000000124e+00,6.810000000000000000e+02,0.000000000000000000e+00,0.000000000000000000e+00,0.000000000000000000e+00,0.000000000000000000e+00,0.000000000000000000e+00,0.000000000000000000e+00,0.000000000000000000e+00,0.000000000000000000e+00
2.687854781000000000e+09,1.391017100000000000e+07,0.000000000000000000e+00,0.000000000000000000e+00,0.000000000000000000e+00,2.015000000000000124e+00,2.030000000000000000e+02,0.000000000000000000e+00,0.000000000000000000e+00,0.000000000000000000e+00,0.000000000000000000e+00,0.000000000000000000e+00,0.000000000000000000e+00,0.000000000000000000e+00,0.000000000000000000e+00
2.687854824000000000e+09,1.391021800000000000e+07,0.000000000000000000e+00,0.000000000000000000e+00,0.000000000000000000e+00,2.015000000000000124e+00,6.040000000000000000e+02,0.000000000000000000e+00,0.000000000000000000e+00,0.000000000000000000e+00,0.000000000000000000e+00,0.000000000000000000e+00,0.000000000000000000e+00,0.000000000000000000e+00,0.000000000000000000e+00
2.687854869000000000e+09,1.391026400000000000e+07,0.000000000000000000e+00,0.000000000000000000e+00,0.000000000000000000e+00,2.015000000000000124e+00,4.560000000000000000e+02,0.000000000000000000e+00,0.000000000000000000e+00,0.000000000000000000e+00,0.000000000000000000e+00,0.000000000000000000e+00,0.000000000000000000e+00,0.000000000000000000e+00,0.000000000000000000e+00
2.687854916000000000e+09,1.391031000000000000e+07,0.000000000000000000e+00,0.000000000000000000e+00,0.000000000000000000e+00,2.015000000000000124e+00,4.240000000000000000e+02,0.000000000000000000e+00,0.000000000000000000e+00,0.000000000000000000e+00,0.000000000000000000e+00,0.000000000000000000e+00,0.000000000000000000e+00,0.000000000000000000e+00,0.000000000000000000e+00
2.687854966000000000e+09,1.391035700000000000e+07,0.000000000000000000e+00,0.000000000000000000e+00,0.000000000000000000e+00,2.015000000000000124e+00,4.830000000000000000e+02,0.000000000000000000e+00,0.000000000000000000e+00,0.000000000000000000e+00,0.000000000000000000e+00,0.000000000000000000e+00,0.000000000000000000e+00,0.000000000000000000e+00,0.000000000000000000e+00
2.687855011000000000e+09,1.391040500000000000e+07,0.000000000000000000e+00,0.000000000000000000e+00,0.000000000000000000e+00,2.015000000000000124e+00,2.360000000000000000e+02,0.000000000000000000e+00,0.000000000000000000e+00,0.000000000000000000e+00,0.000000000000000000e+00,0.000000000000000000e+00,0.000000000000000000e+00,0.000000000000000000e+00,0.000000000000000000e+00
2.687855057000000000e+09,1.391045200000000000e+07,0.000000000000000000e+00,0.000000000000000000e+00,0.000000000000000000e+00,2.015000000000000124e+00,4.950000000000000000e+02,0.000000000000000000e+00,0.000000000000000000e+00,0.000000000000000000e+00,0.000000000000000000e+00,0.000000000000000000e+00,0.000000000000000000e+00,0.000000000000000000e+00,0.000000000000000000e+00
2.687855105000000000e+09,1.391049800000000000e+07,0.000000000000000000e+00,0.000000000000000000e+00,0.000000000000000000e+00,2.015000000000000124e+00,4.010000000000000000e+02,0.000000000000000000e+00,0.000000000000000000e+00,0.000000000000000000e+00,0.000000000000000000e+00,0.000000000000000000e+00,0.000000000000000000e+00,0.000000000000000000e+00,0.000000000000000000e+00
2.687855152000000000e+09,1.391054400000000000e+07,0.000000000000000000e+00,0.000000000000000000e+00,0.000000000000000000e+00,2.015000000000000124e+00,1.440000000000000000e+02,0.000000000000000000e+00,0.000000000000000000e+00,0.000000000000000000e+00,0.000000000000000000e+00,0.000000000000000000e+00,0.000000000000000000e+00,0.000000000000000000e+00,0.000000000000000000e+00
2.687855196000000000e+09,1.391059000000000000e+07,0.000000000000000000e+00,0.000000000000000000e+00,0.000000000000000000e+00,2.015000000000000124e+00,5.550000000000000000e+02,0.000000000000000000e+00,0.000000000000000000e+00,0.000000000000000000e+00,0.000000000000000000e+00,0.000000000000000000e+00,0.000000000000000000e+00,0.000000000000000000e+00,0.000000000000000000e+00
2.687855244000000000e+09,1.391063600000000000e+07,0.000000000000000000e+00,0.000000000000000000e+00,0.000000000000000000e+00,2.015000000000000124e+00,5.080000000000000000e+02,0.000000000000000000e+00,0.000000000000000000e+00,0.000000000000000000e+00,0.000000000000000000e+00,0.000000000000000000e+00,0.000000000000000000e+00,0.000000000000000000e+00,0.000000000000000000e+00
2.687855296000000000e+09,1.391068300000000000e+07,0.000000000000000000e+00,0.000000000000000000e+00,0.000000000000000000e+00,2.015000000000000124e+00,2.400000000000000000e+02,0.000000000000000000e+00,0.000000000000000000e+00,0.000000000000000000e+00,0.000000000000000000e+00,0.000000000000000000e+00,0.000000000000000000e+00,0.000000000000000000e+00,0.000000000000000000e+00
2.687855341000000000e+09,1.391073000000000000e+07,0.000000000000000000e+00,0.000000000000000000e+00,0.000000000000000000e+00,2.015000000000000124e+00,1.410000000000000000e+02,0.000000000000000000e+00,0.000000000000000000e+00,0.000000000000000000e+00,0.000000000000000000e+00,0.000000000000000000e+00,0.000000000000000000e+00,0.000000000000000000e+00,0.000000000000000000e+00
2.687855383000000000e+09,1.391078000000000000e+07,0.000000000000000000e+00,0.000000000000000000e+00,0.000000000000000000e+00,2.015000000000000124e+00,3.870000000000000000e+02,0.000000000000000000e+00,0.000000000000000000e+00,0.000000000000000000e+00,0.000000000000000000e+00,0.000000000000000000e+00,0.000000000000000000e+00,0.000000000000000000e+00,0.000000000000000000e+00
2.687855428000000000e+09,1.391082400000000000e+07,0.000000000000000000e+00,0.000000000000000000e+00,0.000000000000000000e+00,2.015000000000000124e+00,7.100000000000000000e+02,0.000000000000000000e+00,0.000000000000000000e+00,0.000000000000000000e+00,0.000000000000000000e+00,0.000000000000000000e+00,0.000000000000000000e+00,0.000000000000000000e+00,0.000000000000000000e+00
2.687855478000000000e+09,1.391086900000000000e+07,0.000000000000000000e+00,0.000000000000000000e+00,0.000000000000000000e+00,4.030999999999999694e+00,6.430000000000000000e+02,0.000000000000000000e+00,0.000000000000000000e+00,0.000000000000000000e+00,0.000000000000000000e+00,0.000000000000000000e+00,0.000000000000000000e+00,0.000000000000000000e+00,0.000000000000000000e+00
2.687855522000000000e+09,1.391091500000000000e+07,0.000000000000000000e+00,0.000000000000000000e+00,0.000000000000000000e+00,2.015000000000000124e+00,2.180000000000000000e+02,0.000000000000000000e+00,0.000000000000000000e+00,0.000000000000000000e+00,0.000000000000000000e+00,0.000000000000000000e+00,0.000000000000000000e+00,0.000000000000000000e+00,0.000000000000000000e+00
2.687855565000000000e+09,1.391096100000000000e+07,0.000000000000000000e+00,0.000000000000000000e+00,0.000000000000000000e+00,2.015000000000000124e+00,6.710000000000000000e+02,0.000000000000000000e+00,0.000000000000000000e+00,0.000000000000000000e+00,0.000000000000000000e+00,0.000000000000000000e+00,0.000000000000000000e+00,0.000000000000000000e+00,0.000000000000000000e+00
2.687855592000000000e+09,1.391099600000000000e+07,0.000000000000000000e+00,0.000000000000000000e+00,0.000000000000000000e+00,2.015000000000000124e+00,1.790000000000000000e+02,0.000000000000000000e+00,0.000000000000000000e+00,0.000000000000000000e+00,0.000000000000000000e+00,0.000000000000000000e+00,0.000000000000000000e+00,0.000000000000000000e+00,0.000000000000000000e+00
2.687855613000000000e+09,1.391102200000000000e+07,0.000000000000000000e+00,0.000000000000000000e+00,0.000000000000000000e+00,2.015000000000000124e+00,4.760000000000000000e+02,0.000000000000000000e+00,0.000000000000000000e+00,0.000000000000000000e+00,0.000000000000000000e+00,0.000000000000000000e+00,0.000000000000000000e+00,0.000000000000000000e+00,0.000000000000000000e+00
2.687855635000000000e+09,1.391104400000000000e+07,0.000000000000000000e+00,0.000000000000000000e+00,0.000000000000000000e+00,2.015000000000000124e+00,4.220000000000000000e+02,0.000000000000000000e+00,0.000000000000000000e+00,0.000000000000000000e+00,0.000000000000000000e+00,0.000000000000000000e+00,0.000000000000000000e+00,0.000000000000000000e+00,0.000000000000000000e+00
2.687855659000000000e+09,1.391106500000000000e+07,0.000000000000000000e+00,0.000000000000000000e+00,0.000000000000000000e+00,2.015000000000000124e+00,6.420000000000000000e+02,0.000000000000000000e+00,0.000000000000000000e+00,0.000000000000000000e+00,0.000000000000000000e+00,0.000000000000000000e+00,0.000000000000000000e+00,0.000000000000000000e+00,0.000000000000000000e+00
2.687855681000000000e+09,1.391109000000000000e+07,0.000000000000000000e+00,0.000000000000000000e+00,0.000000000000000000e+00,2.015000000000000124e+00,1.890000000000000000e+02,0.000000000000000000e+00,0.000000000000000000e+00,0.000000000000000000e+00,0.000000000000000000e+00,0.000000000000000000e+00,0.000000000000000000e+00,0.000000000000000000e+00,0.000000000000000000e+00
2.687855705000000000e+09,1.391111200000000000e+07,0.000000000000000000e+00,0.000000000000000000e+00,0.000000000000000000e+00,2.015000000000000124e+00,3.650000000000000000e+02,0.000000000000000000e+00,0.000000000000000000e+00,0.000000000000000000e+00,0.000000000000000000e+00,0.000000000000000000e+00,0.000000000000000000e+00,0.000000000000000000e+00,0.000000000000000000e+00
2.687855726000000000e+09,1.391113500000000000e+07,0.000000000000000000e+00,0.000000000000000000e+00,0.000000000000000000e+00,4.030999999999999694e+00,5.430000000000000000e+02,0.000000000000000000e+00,0.000000000000000000e+00,0.000000000000000000e+00,0.000000000000000000e+00,0.000000000000000000e+00,0.000000000000000000e+00,0.000000000000000000e+00,0.000000000000000000e+00
2.687855749000000000e+09,1.391115800000000000e+07,0.000000000000000000e+00,0.000000000000000000e+00,0.000000000000000000e+00,2.015000000000000124e+00,1.650000000000000000e+02,0.000000000000000000e+00,0.000000000000000000e+00,0.000000000000000000e+00,0.000000000000000000e+00,0.000000000000000000e+00,0.000000000000000000e+00,0.000000000000000000e+00,0.000000000000000000e+00
2.687855771000000000e+09,1.391118000000000000e+07,0.000000000000000000e+00,0.000000000000000000e+00,0.000000000000000000e+00,2.015000000000000124e+00,3.650000000000000000e+02,0.000000000000000000e+00,0.000000000000000000e+00,0.000000000000000000e+00,0.000000000000000000e+00,0.000000000000000000e+00,0.000000000000000000e+00,0.000000000000000000e+00,0.000000000000000000e+00
2.687855793000000000e+09,1.391120100000000000e+07,0.000000000000000000e+00,0.000000000000000000e+00,0.000000000000000000e+00,2.015000000000000124e+00,5.600000000000000000e+02,0.000000000000000000e+00,0.000000000000000000e+00,0.000000000000000000e+00,0.000000000000000000e+00,0.000000000000000000e+00,0.000000000000000000e+00,0.000000000000000000e+00,0.000000000000000000e+00
2.687855836000000000e+09,1.391122300000000000e+07,0.000000000000000000e+00,0.000000000000000000e+00,0.000000000000000000e+00,2.015000000000000124e+00,2.640000000000000000e+02,0.000000000000000000e+00,0.000000000000000000e+00,0.000000000000000000e+00,0.000000000000000000e+00,0.000000000000000000e+00,0.000000000000000000e+00,0.000000000000000000e+00,0.000000000000000000e+00
2.687855876000000000e+09,1.391127500000000000e+07,0.000000000000000000e+00,0.000000000000000000e+00,0.000000000000000000e+00,2.015000000000000124e+00,2.960000000000000000e+02,0.000000000000000000e+00,0.000000000000000000e+00,0.000000000000000000e+00,0.000000000000000000e+00,0.000000000000000000e+00,0.000000000000000000e+00,0.000000000000000000e+00,0.000000000000000000e+00
2.687855922000000000e+09,1.391131800000000000e+07,0.000000000000000000e+00,0.000000000000000000e+00,0.000000000000000000e+00,2.015000000000000124e+00,6.580000000000000000e+02,0.000000000000000000e+00,0.000000000000000000e+00,0.000000000000000000e+00,0.000000000000000000e+00,0.000000000000000000e+00,0.000000000000000000e+00,0.000000000000000000e+00,0.000000000000000000e+00
2.687855970000000000e+09,1.391136300000000000e+07,0.000000000000000000e+00,0.000000000000000000e+00,0.000000000000000000e+00,2.015000000000000124e+00,6.690000000000000000e+02,0.000000000000000000e+00,0.000000000000000000e+00,0.000000000000000000e+00,0.000000000000000000e+00,0.000000000000000000e+00,0.000000000000000000e+00,0.000000000000000000e+00,0.000000000000000000e+00
2.687856015000000000e+09,1.391141000000000000e+07,0.000000000000000000e+00,0.000000000000000000e+00,0.000000000000000000e+00,2.015000000000000124e+00,6.260000000000000000e+02,0.000000000000000000e+00,0.000000000000000000e+00,0.000000000000000000e+00,0.000000000000000000e+00,0.000000000000000000e+00,0.000000000000000000e+00,0.000000000000000000e+00,0.000000000000000000e+00
2.687856062000000000e+09,1.391145600000000000e+07,0.000000000000000000e+00,0.000000000000000000e+00,0.000000000000000000e+00,2.015000000000000124e+00,2.390000000000000000e+02,0.000000000000000000e+00,0.000000000000000000e+00,0.000000000000000000e+00,0.000000000000000000e+00,0.000000000000000000e+00,0.000000000000000000e+00,0.000000000000000000e+00,0.000000000000000000e+00
2.687856108000000000e+09,1.391150400000000000e+07,0.000000000000000000e+00,0.000000000000000000e+00,0.000000000000000000e+00,2.015000000000000124e+00,3.800000000000000000e+02,0.000000000000000000e+00,0.000000000000000000e+00,0.000000000000000000e+00,0.000000000000000000e+00,0.000000000000000000e+00,0.000000000000000000e+00,0.000000000000000000e+00,0.000000000000000000e+00
2.687856171000000000e+09,1.391154900000000000e+07,0.000000000000000000e+00,0.000000000000000000e+00,0.000000000000000000e+00,2.015000000000000124e+00,1.670000000000000000e+02,0.000000000000000000e+00,0.000000000000000000e+00,0.000000000000000000e+00,0.000000000000000000e+00,0.000000000000000000e+00,0.000000000000000000e+00,0.000000000000000000e+00,0.000000000000000000e+00
2.687856222000000000e+09,1.391161200000000000e+07,0.000000000000000000e+00,0.000000000000000000e+00,0.000000000000000000e+00,2.015000000000000124e+00,3.130000000000000000e+02,0.000000000000000000e+00,0.000000000000000000e+00,0.000000000000000000e+00,0.000000000000000000e+00,0.000000000000000000e+00,0.000000000000000000e+00,0.000000000000000000e+00,0.000000000000000000e+00
2.687856264000000000e+09,1.391165800000000000e+07,0.000000000000000000e+00,0.000000000000000000e+00,0.000000000000000000e+00,2.015000000000000124e+00,3.930000000000000000e+02,0.000000000000000000e+00,0.000000000000000000e+00,0.000000000000000000e+00,0.000000000000000000e+00,0.000000000000000000e+00,0.000000000000000000e+00,0.000000000000000000e+00,0.000000000000000000e+00
2.687856310000000000e+09,1.391170400000000000e+07,0.000000000000000000e+00,0.000000000000000000e+00,0.000000000000000000e+00,2.015000000000000124e+00,6.210000000000000000e+02,0.000000000000000000e+00,0.000000000000000000e+00,0.000000000000000000e+00,0.000000000000000000e+00,0.000000000000000000e+00,0.000000000000000000e+00,0.000000000000000000e+00,0.000000000000000000e+00
2.687856360000000000e+09,1.391175200000000000e+07,0.000000000000000000e+00,0.000000000000000000e+00,0.000000000000000000e+00,2.015000000000000124e+00,3.430000000000000000e+02,0.000000000000000000e+00,0.000000000000000000e+00,0.000000000000000000e+00,0.000000000000000000e+00,0.000000000000000000e+00,0.000000000000000000e+00,0.000000000000000000e+00,0.000000000000000000e+00
2.687856407000000000e+09,1.391179900000000000e+07,0.000000000000000000e+00,0.000000000000000000e+00,0.000000000000000000e+00,2.015000000000000124e+00,1.100000000000000000e+02,0.000000000000000000e+00,0.000000000000000000e+00,0.000000000000000000e+00,0.000000000000000000e+00,0.000000000000000000e+00,0.000000000000000000e+00,0.000000000000000000e+00,0.000000000000000000e+00
2.687856456000000000e+09,1.391184600000000000e+07,0.000000000000000000e+00,0.000000000000000000e+00,0.000000000000000000e+00,2.015000000000000124e+00,5.350000000000000000e+02,0.000000000000000000e+00,0.000000000000000000e+00,0.000000000000000000e+00,0.000000000000000000e+00,0.000000000000000000e+00,0.000000000000000000e+00,0.000000000000000000e+00,0.000000000000000000e+00
2.687856500000000000e+09,1.391189400000000000e+07,0.000000000000000000e+00,0.000000000000000000e+00,0.000000000000000000e+00,2.015000000000000124e+00,2.570000000000000000e+02,0.000000000000000000e+00,0.000000000000000000e+00,0.000000000000000000e+00,0.000000000000000000e+00,0.000000000000000000e+00,0.000000000000000000e+00,0.000000000000000000e+00,0.000000000000000000e+00
2.687856550000000000e+09,1.391194000000000000e+07,0.000000000000000000e+00,0.000000000000000000e+00,0.000000000000000000e+00,2.015000000000000124e+00,2.790000000000000000e+02,0.000000000000000000e+00,0.000000000000000000e+00,0.000000000000000000e+00,0.000000000000000000e+00,0.000000000000000000e+00,0.000000000000000000e+00,0.000000000000000000e+00,0.000000000000000000e+00
2.687856599000000000e+09,1.391198700000000000e+07,0.000000000000000000e+00,0.000000000000000000e+00,0.000000000000000000e+00,4.030999999999999694e+00,5.440000000000000000e+02,0.000000000000000000e+00,0.000000000000000000e+00,0.000000000000000000e+00,0.000000000000000000e+00,0.000000000000000000e+00,0.000000000000000000e+00,0.000000000000000000e+00,0.000000000000000000e+00
2.687856639000000000e+09,1.391203800000000000e+07,0.000000000000000000e+00,0.000000000000000000e+00,0.000000000000000000e+00,2.015000000000000124e+00,6.400000000000000000e+02,0.000000000000000000e+00,0.000000000000000000e+00,0.000000000000000000e+00,0.000000000000000000e+00,0.000000000000000000e+00,0.000000000000000000e+00,0.000000000000000000e+00,0.000000000000000000e+00
2.687856686000000000e+09,1.391208100000000000e+07,0.000000000000000000e+00,0.000000000000000000e+00,0.000000000000000000e+00,2.015000000000000124e+00,2.440000000000000000e+02,0.000000000000000000e+00,0.000000000000000000e+00,0.000000000000000000e+00,0.000000000000000000e+00,0.000000000000000000e+00,0.000000000000000000e+00,0.000000000000000000e+00,0.000000000000000000e+00
2.687856737000000000e+09,1.391212600000000000e+07,0.000000000000000000e+00,0.000000000000000000e+00,0.000000000000000000e+00,2.015000000000000124e+00,2.470000000000000000e+02,0.000000000000000000e+00,0.000000000000000000e+00,0.000000000000000000e+00,0.000000000000000000e+00,0.000000000000000000e+00,0.000000000000000000e+00,0.000000000000000000e+00,0.000000000000000000e+00
2.687856782000000000e+09,1.391217300000000000e+07,0.000000000000000000e+00,0.000000000000000000e+00,0.000000000000000000e+00,2.015000000000000124e+00,1.570000000000000000e+02,0.000000000000000000e+00,0.000000000000000000e+00,0.000000000000000000e+00,0.000000000000000000e+00,0.000000000000000000e+00,0.000000000000000000e+00,0.000000000000000000e+00,0.000000000000000000e+00
2.687856827000000000e+09,1.391222100000000000e+07,0.000000000000000000e+00,0.000000000000000000e+00,0.000000000000000000e+00,2.015000000000000124e+00,2.040000000000000000e+02,0.000000000000000000e+00,0.000000000000000000e+00,0.000000000000000000e+00,0.000000000000000000e+00,0.000000000000000000e+00,0.000000000000000000e+00,0.000000000000000000e+00,0.000000000000000000e+00
2.687856872000000000e+09,1.391226600000000000e+07,0.000000000000000000e+00,0.000000000000000000e+00,0.000000000000000000e+00,2.015000000000000124e+00,2.920000000000000000e+02,0.000000000000000000e+00,0.000000000000000000e+00,0.000000000000000000e+00,0.000000000000000000e+00,0.000000000000000000e+00,0.000000000000000000e+00,0.000000000000000000e+00,0.000000000000000000e+00
2.687856919000000000e+09,1.391231300000000000e+07,0.000000000000000000e+00,0.000000000000000000e+00,0.000000000000000000e+00,2.015000000000000124e+00,6.430000000000000000e+02,0.000000000000000000e+00,0.000000000000000000e+00,0.000000000000000000e+00,0.000000000000000000e+00,0.000000000000000000e+00,0.000000000000000000e+00,0.000000000000000000e+00,0.000000000000000000e+00
2.687856971000000000e+09,1.391235900000000000e+07,0.000000000000000000e+00,0.000000000000000000e+00,0.000000000000000000e+00,2.015000000000000124e+00,4.670000000000000000e+02,0.000000000000000000e+00,0.000000000000000000e+00,0.000000000000000000e+00,0.000000000000000000e+00,0.000000000000000000e+00,0.000000000000000000e+00,0.000000000000000000e+00,0.000000000000000000e+00
2.687857012000000000e+09,1.391240500000000000e+07,0.000000000000000000e+00,0.000000000000000000e+00,0.000000000000000000e+00,2.015000000000000124e+00,3.090000000000000000e+02,0.000000000000000000e+00,0.000000000000000000e+00,0.000000000000000000e+00,0.000000000000000000e+00,0.000000000000000000e+00,0.000000000000000000e+00,0.000000000000000000e+00,0.000000000000000000e+00
2.687857058000000000e+09,1.391245200000000000e+07,0.000000000000000000e+00,0.000000000000000000e+00,0.000000000000000000e+00,2.015000000000000124e+00,3.100000000000000000e+02,0.000000000000000000e+00,0.000000000000000000e+00,0.000000000000000000e+00,0.000000000000000000e+00,0.000000000000000000e+00,0.000000000000000000e+00,0.000000000000000000e+00,0.000000000000000000e+00
2.687857105000000000e+09,1.391249800000000000e+07,0.000000000000000000e+00,0.000000000000000000e+00,0.000000000000000000e+00,2.015000000000000124e+00,6.800000000000000000e+02,0.000000000000000000e+00,0.000000000000000000e+00,0.000000000000000000e+00,0.000000000000000000e+00,0.000000000000000000e+00,0.000000000000000000e+00,0.000000000000000000e+00,0.000000000000000000e+00
2.687857160000000000e+09,1.391254500000000000e+07,0.000000000000000000e+00,0.000000000000000000e+00,0.000000000000000000e+00,2.015000000000000124e+00,4.840000000000000000e+02,0.000000000000000000e+00,0.000000000000000000e+00,0.000000000000000000e+00,0.000000000000000000e+00,0.000000000000000000e+00,0.000000000000000000e+00,0.000000000000000000e+00,0.000000000000000000e+00
2.687857185000000000e+09,1.391259400000000000e+07,0.000000000000000000e+00,0.000000000000000000e+00,0.000000000000000000e+00,4.030999999999999694e+00,4.960000000000000000e+02,0.000000000000000000e+00,0.000000000000000000e+00,0.000000000000000000e+00,0.000000000000000000e+00,0.000000000000000000e+00,0.000000000000000000e+00,0.000000000000000000e+00,0.000000000000000000e+00
2.687857206000000000e+09,1.391261500000000000e+07,0.000000000000000000e+00,0.000000000000000000e+00,0.000000000000000000e+00,2.015000000000000124e+00,5.380000000000000000e+02,0.000000000000000000e+00,0.000000000000000000e+00,0.000000000000000000e+00,0.000000000000000000e+00,0.000000000000000000e+00,0.000000000000000000e+00,0.000000000000000000e+00,0.000000000000000000e+00
2.687857228000000000e+09,1.391263600000000000e+07,0.000000000000000000e+00,0.000000000000000000e+00,0.000000000000000000e+00,2.015000000000000124e+00,3.330000000000000000e+02,0.000000000000000000e+00,0.000000000000000000e+00,0.000000000000000000e+00,0.000000000000000000e+00,0.000000000000000000e+00,0.000000000000000000e+00,0.000000000000000000e+00,0.000000000000000000e+00
2.687857250000000000e+09,1.391265800000000000e+07,0.000000000000000000e+00,0.000000000000000000e+00,0.000000000000000000e+00,2.015000000000000124e+00,2.330000000000000000e+02,0.000000000000000000e+00,0.000000000000000000e+00,0.000000000000000000e+00,0.000000000000000000e+00,0.000000000000000000e+00,0.000000000000000000e+00,0.000000000000000000e+00,0.000000000000000000e+00
2.687857271000000000e+09,1.391267900000000000e+07,0.000000000000000000e+00,0.000000000000000000e+00,0.000000000000000000e+00,2.015000000000000124e+00,2.180000000000000000e+02,0.000000000000000000e+00,0.000000000000000000e+00,0.000000000000000000e+00,0.000000000000000000e+00,0.000000000000000000e+00,0.000000000000000000e+00,0.000000000000000000e+00,0.000000000000000000e+00
