Time (s), Force (mN), hv_set (V), hv_vm (V), hv_err (V), lv_set (V), lv_vm (V), lv_err (V), cm_w1 (uA), cm_w2 (uA), cm_w3 (uA)
1049078.51668530, 44844.219162,    0.0,    2.0, -2.0,  0.00,  0.00,  0.00,  0.0,  0.0,  0.0
1049078.51918530, 44844.219162,    0.0,    2.0, -2.0,  0.00,  0.00,  0.00,  0.0,  0.0,  0.0
1049078.52168530, 44844.219162,    0.0,    2.0, -2.0,  0.00,  0.00,  0.00,  0.0,  0.0,  0.0
1049078.52418530, 44844.219162,    0.0,    2.0, -2.0,  0.00,  0.00,  0.00,  0.0,  0.0,  0.0
1049078.52668530, 44843.444628,    0.0,    2.0, -2.0,  0.00,  0.00,  0.00,  0.0,  0.0,  0.0
1049078.52918530, 44841.941274,    0.0,    2.0, -2.0,  0.00,  0.00,  0.00,  0.0,  0.0,  0.0
1049078.53168530, 44841.325741,    0.0,    2.0, -2.0,  0.00,  0.00,  0.00,  0.0,  0.0,  0.0
1049078.53418530, 44842.552051,    0.0,    2.0, -2.0,  0.00,  0.00,  0.00,  0.0,  0.0,  0.0
1049078.53668530, 44842.711757,    0.0,    2.0, -2.0,  0.00,  0.00,  0.00,  0.0,  0.0,  0.0
1049078.53918530, 44843.832231,    0.0,    2.0, -2.0,  0.00,  0.00,  0.00,  0.0,  0.0,  0.0
1049078.54168530, 44845.757198,    0.0,    2.0, -2.0,  0.00,  0.00,  0.00,  0.0,  0.0,  0.0
1049078.54418530, 44845.702221,    0.0,    2.0, -2.0,  0.00,  0.00,  0.00,  0.0,  0.0,  0.0
1049078.54668530, 44845.647245,    0.0,    2.0, -2.0,  0.00,  0.00,  0.00,  0.0,  0.0,  0.0
1049078.54918530, 44844.143252,    0.0,    2.0, -2.0,  0.00,  0.00,  0.00,  0.0,  0.0,  0.0
1049078.55168530, 44841.179770,    0.0,    2.0, -2.0,  0.00,  0.00,  0.00,  0.0,  0.0,  0.0
1049078.55418530, 44842.817122,    0.0,    2.0, -2.0,  0.00,  0.00,  0.00,  0.0,  0.0,  0.0
1049078.55668530, 44843.021791,    0.0,    2.0, -2.0,  0.00,  0.00,  0.00,  0.0,  0.0,  0.0
1049078.55918530, 44843.021791,    0.0,    2.0, -2.0,  0.00,  0.00,  0.00,  0.0,  0.0,  0.0
1049078.56168530, 44843.021791,    0.0,    2.0, -2.0,  0.00,  0.00,  0.00,  0.0,  0.0,  0.0
1049078.56418530, 44843.131006,    0.0,    2.0, -2.0,  0.00,  0.00,  0.00,  0.0,  0.0,  0.0
1049078.56668530, 44844.049707,    0.0,    2.0, -2.0,  0.00,  0.00,  0.00,  0.0,  0.0,  0.0
1049078.56918530, 44841.539047,    0.0,    2.0, -2.0,  0.00,  0.00,  0.00,  0.0,  0.0,  0.0
1049078.57168530, 44841.329313,    0.0,    2.0, -2.0,  0.00,  0.00,  0.00,  0.0,  0.0,  0.0
1049078.57418530, 44842.143678,    0.0,    2.0, -2.0,  0.00,  0.00,  0.00,  0.0,  0.0,  0.0
1049078.57668530, 44843.974827,    0.0,    2.0, -2.0,  0.00,  0.00,  0.00,  0.0,  0.0,  0.0
1049078.57918530, 44845.586933,    0.0,    2.0, -2.0,  0.00,  0.00,  0.00,  0.0,  0.0,  0.0
1049078.58168530, 44845.671679,    0.0,    2.0, -2.0,  0.00,  0.00,  0.00,  0.0,  0.0,  0.0
1049078.58418530, 44843.915583,    0.0,    2.0, -2.0,  0.00,  0.00,  0.00,  0.0,  0.0,  0.0
1049078.58668530, 44843.557628,    0.0,    2.0, -2.0,  0.00,  0.00,  0.00,  0.0,  0.0,  0.0
1049078.58918530, 44841.921360,    0.0,    2.0, -2.0,  0.00,  0.00,  0.00,  0.0,  0.0,  0.0
1049078.59168530, 44841.154893,    0.0,    2.0, -2.0,  0.00,  0.00,  0.00,  0.0,  0.0,  0.0
1049078.59418530, 44842.606179,    0.0,    2.0, -2.0,  0.00,  0.00,  0.00,  0.0,  0.0,  0.0
1049078.59668530, 44843.108149,    0.0,    2.0, -2.0,  0.00,  0.00,  0.00,  0.0,  0.0,  0.0
1049078.59918530, 44845.744611,    0.0,    2.0, -2.0,  0.00,  0.00,  0.00,  0.0,  0.0,  0.0
1049078.60168530, 44845.929691,    0.0,    2.0, -2.0,  0.00,  0.00,  0.00,  0.0,  0.0,  0.0
1049078.60418530, 44845.929691,    0.0,    2.0, -2.0,  0.00,  0.00,  0.00,  0.0,  0.0,  0.0
1049078.60668530, 44843.645909,    0.0,    2.0, -2.0,  0.00,  0.00,  0.00,  0.0,  0.0,  0.0
1049078.60918530, 44840.890568,    0.0,    2.0, -2.0,  0.00,  0.00,  0.00,  0.0,  0.0,  0.0
1049078.61168530, 44840.857393,    0.0,    2.0, -2.0,  0.00,  0.00,  0.00,  0.0,  0.0,  0.0
1049078.61418530, 44841.387799,    0.0,    2.0, -2.0,  0.00,  0.00,  0.00,  0.0,  0.0,  0.0
1049078.61668530, 44841.854121,    0.0,    2.0, -2.0,  0.00,  0.00,  0.00,  0.0,  0.0,  0.0
1049078.61918530, 44842.320442,    0.0,    2.0, -2.0,  0.00,  0.00,  0.00,  0.0,  0.0,  0.0
1049078.62168530, 44842.795405,    0.0,    2.0, -2.0,  0.00,  0.00,  0.00,  0.0,  0.0,  0.0
1049078.62418530, 44843.324384,    0.0,    2.0, -2.0,  0.00,  0.00,  0.00,  0.0,  0.0,  0.0
1049078.62668530, 44843.058549,    0.0,    2.0, -2.0,  0.00,  0.00,  0.00,  0.0,  0.0,  0.0
1049078.62918530, 44842.172058,    0.0,    2.0, -2.0,  0.00,  0.00,  0.00,  0.0,  0.0,  0.0
1049078.63168530, 44841.377402,    0.0,    2.0, -2.0,  0.00,  0.00,  0.00,  0.0,  0.0,  0.0
1049078.63418530, 44841.426180,    0.0,    2.0, -2.0,  0.00,  0.00,  0.00,  0.0,  0.0,  0.0
1049078.63668530, 44842.532480,    0.0,    2.0, -2.0,  0.00,  0.00,  0.00,  0.0,  0.0,  0.0
1049078.63918530, 44843.108905,    0.0,    2.0, -2.0,  0.00,  0.00,  0.00,  0.0,  0.0,  0.0
1049078.64168530, 44843.685330,    0.0,    2.0, -2.0,  0.00,  0.00,  0.00,  0.0,  0.0,  0.0
1049078.64418530, 44844.237687,    0.0,    2.0, -2.0,  0.00,  0.00,  0.00,  0.0,  0.0,  0.0
1049078.64668530, 44844.160081,    0.0,    2.0, -2.0,  0.00,  0.00,  0.00,  0.0,  0.0,  0.0
1049078.64918530, 44843.667566,    0.0,    2.0, -2.0,  0.00,  0.00,  0.00,  0.0,  0.0,  0.0
1049078.65168530, 44841.903062,    0.0,    2.0, -2.0,  0.00,  0.00,  0.00,  0.0,  0.0,  0.0
1049078.65418530, 44841.310871,    0.0,    2.0, -2.0,  0.00,  0.00,  0.00,  0.0,  0.0,  0.0
1049078.65918530, 44845.988700,    0.0,    2.0, -2.0,  0.00,  0.00,  0.00,  0.0,  0.0,  0.0
1049078.66168530, 44846.229034,    0.0,    2.0, -2.0,  0.00,  0.00,  0.00,  0.0,  0.0,  0.0
1049078.66418530, 44845.187642,    0.0,    2.0, -2.0,  0.00,  0.00,  0.00,  0.0,  0.0,  0.0
1049078.66668530, 44843.838954,    0.0,    2.0, -2.0,  0.00,  0.00,  0.00,  0.0,  0.0,  0.0
1049078.66918530, 44841.786877,    0.0,    2.0, -2.0,  0.00,  0.00,  0.00,  0.0,  0.0,  0.0
1049078.67168530, 44841.092218,    0.0,    2.0, -2.0,  0.00,  0.00,  0.00,  0.0,  0.0,  0.0
1049078.67418530, 44841.508048,    0.0,    2.0, -2.0,  0.00,  0.00,  0.00,  0.0,  0.0,  0.0
1049078.67668530, 44843.510658,    0.0,    2.0, -2.0,  0.00,  0.00,  0.00,  0.0,  0.0,  0.0
1049078.67918530, 44845.220710,    0.0,    2.0, -2.0,  0.00,  0.00,  0.00,  0.0,  0.0,  0.0
1049078.68168530, 44845.929199,    0.0,    2.0, -2.0,  0.00,  0.00,  0.00,  0.0,  0.0,  0.0
1049078.68418530, 44845.992940,    0.0,    2.0, -2.0,  0.00,  0.00,  0.00,  0.0,  0.0,  0.0
1049078.68668530, 44846.056680,    0.0,    2.0, -2.0,  0.00,  0.00,  0.00,  0.0,  0.0,  0.0
1049078.68918530, 44842.119370,    0.0,    2.0, -2.0,  0.00,  0.00,  0.00,  0.0,  0.0,  0.0
1049078.69168530, 44840.847873,    0.0,    2.0, -2.0,  0.00,  0.00,  0.00,  0.0,  0.0,  0.0
1049078.69418530, 44841.009477,    0.0,    2.0, -2.0,  0.00,  0.00,  0.00,  0.0,  0.0,  0.0
1049078.69668530, 44841.171080,    0.0,    2.0, -2.0,  0.00,  0.00,  0.00,  0.0,  0.0,  0.0
1049078.69918530, 44841.332684,    0.0,    2.0, -2.0,  0.00,  0.00,  0.00,  0.0,  0.0,  0.0
1049078.70168530, 44841.904948,    0.0,    2.0, -2.0,  0.00,  0.00,  0.00,  0.0,  0.0,  0.0
1049078.70418530, 44842.679955,    0.0,    2.0, -2.0,  0.00,  0.00,  0.00,  0.0,  0.0,  0.0
1049078.70668530, 44843.454961,    0.0,    2.0, -2.0,  0.00,  0.00,  0.00,  0.0,  0.0,  0.0
1049078.70918530, 44844.229968,    0.0,    2.0, -2.0,  0.00,  0.00,  0.00,  0.0,  0.0,  0.0
1049078.71168530, 44845.004975,    0.0,    2.0, -2.0,  0.00,  0.00,  0.00,  0.0,  0.0,  0.0
1049078.71418530, 44842.832848,    0.0,    2.0, -2.0,  0.00,  0.00,  0.00,  0.0,  0.0,  0.0
1049078.71668530, 44842.540705,    0.0,    2.0, -2.0,  0.00,  0.00,  0.00,  0.0,  0.0,  0.0
1049078.71918530, 44844.420302,    0.0,    2.0, -2.0,  0.00,  0.00,  0.00,  0.0,  0.0,  0.0
1049078.72168530, 44845.467151,    0.0,    2.0, -2.0,  0.00,  0.00,  0.00,  0.0,  0.0,  0.0
1049078.72418530, 44844.481452,    0.0,    2.0, -2.0,  0.00,  0.00,  0.00,  0.0,  0.0,  0.0
1049078.72668530, 44842.721073,    0.0,    2.0, -2.0,  0.00,  0.00,  0.00,  0.0,  0.0,  0.0
1049078.72918530, 44841.426620,    0.0,    2.0, -2.0,  0.00,  0.00,  0.00,  0.0,  0.0,  0.0
1049078.73168530, 44840.822522,    0.0,    2.0, -2.0,  0.00,  0.00,  0.00,  0.0,  0.0,  0.0
1049078.73418530, 44840.756447,    0.0,    2.0, -2.0,  0.00,  0.00,  0.00,  0.0,  0.0,  0.0
1049078.73668530, 44842.731359,    0.0,    2.0, -2.0,  0.00,  0.00,  0.00,  0.0,  0.0,  0.0
1049078.73918530, 44844.083096,    0.0,    2.0, -2.0,  0.00,  0.00,  0.00,  0.0,  0.0,  0.0
1049078.74168530, 44844.945398,    0.0,    2.0, -2.0,  0.00,  0.00,  0.00,  0.0,  0.0,  0.0
1049078.74418530, 44844.929609,    0.0,    2.0, -2.0,  0.00,  0.00,  0.00,  0.0,  0.0,  0.0
1049078.74668530, 44843.799439,    0.0,    2.0, -2.0,  0.00,  0.00,  0.00,  0.0,  0.0,  0.0
1049078.74918530, 44842.812167,    0.0,    2.0, -2.0,  0.00,  0.00,  0.00,  0.0,  0.0,  0.0
1049078.75168530, 44841.785394,    0.0,    2.0, -2.0,  0.00,  0.00,  0.00,  0.0,  0.0,  0.0
1049078.75418530, 44840.941997,    0.0,    2.0, -2.0,  0.00,  0.00,  0.00,  0.0,  0.0,  0.0
1049078.75668530, 44841.801917,    0.0,    2.0, -2.0,  0.00,  0.00,  0.00,  0.0,  0.0,  0.0
1049078.75918530, 44842.661837,    0.0,    2.0, -2.0,  0.00,  0.00,  0.00,  0.0,  0.0,  0.0
1049078.76168530, 44845.149522,    0.0,    2.0, -2.0,  0.00,  0.00,  0.00,  0.0,  0.0,  0.0
1049078.76418530, 44844.686289,    0.0,    2.0, -2.0,  0.00,  0.00,  0.00,  0.0,  0.0,  0.0
1049078.76668530, 44844.155017,    0.0,    2.0, -2.0,  0.00,  0.00,  0.00,  0.0,  0.0,  0.0
1049078.76918530, 44844.155017,    0.0,    2.0, -2.0,  0.00,  0.00,  0.00,  0.0,  0.0,  0.0
1049078.77168530, 44840.817887,    0.0,    2.0, -2.0,  0.00,  0.00,  0.00,  0.0,  0.0,  0.0
1049078.77418530, 44840.949289,    0.0,    2.0, -2.0,  0.00,  0.00,  0.00,  0.0,  0.0,  0.0
1049078.77668530, 44841.080692,    0.0,    2.0, -2.0,  0.00,  0.00,  0.00,  0.0,  0.0,  0.0
1049078.78168530, 44843.020485,    0.0,    2.0, -2.0,  0.00,  0.00,  0.00,  0.0,  0.0,  0.0
1049078.78418530, 44845.023107,    0.0,    2.0, -2.0,  0.00,  0.00,  0.00,  0.0,  0.0,  0.0
1049078.78668530, 44844.655287,    0.0,    2.0, -2.0,  0.00,  0.00,  0.00,  0.0,  0.0,  0.0
1049078.78918530, 44842.660954,    0.0,    2.0, -2.0,  0.00,  0.00,  0.00,  0.0,  0.0,  0.0
1049078.79168530, 44841.730764,    0.0,    2.0, -2.0,  0.00,  0.00,  0.00,  0.0,  0.0,  0.0
1049078.79418530, 44842.143295,    0.0,    2.0, -2.0,  0.00,  0.00,  0.00,  0.0,  0.0,  0.0
1049078.79668530, 44843.276297,    0.0,    2.0, -2.0,  0.00,  0.00,  0.00,  0.0,  0.0,  0.0
1049078.79918530, 44844.362145,    0.0,    2.0, -2.0,  0.00,  0.00,  0.00,  0.0,  0.0,  0.0
1049078.80168530, 44845.447994,    0.0,    2.0, -2.0,  0.00,  0.00,  0.00,  0.0,  0.0,  0.0
1049078.80418530, 44845.493451,    0.0,    2.0, -2.0,  0.00,  0.00,  0.00,  0.0,  0.0,  0.0
1049078.80668530, 44843.765608,    0.0,    2.0, -2.0,  0.00,  0.00,  0.00,  0.0,  0.0,  0.0
1049078.80918530, 44842.248071,    0.0,    2.0, -2.0,  0.00,  0.00,  0.00,  0.0,  0.0,  0.0
1049078.81168530, 44841.816233,    0.0,    2.0, -2.0,  0.00,  0.00,  0.00,  0.0,  0.0,  0.0
1049078.81418530, 44841.384396,    0.0,    2.0, -2.0,  0.00,  0.00,  0.00,  0.0,  0.0,  0.0
1049078.81668530, 44842.114403,    0.0,    2.0, -2.0,  0.00,  0.00,  0.00,  0.0,  0.0,  0.0
1049078.81918530, 44844.999783,    0.0,    2.0, -2.0,  0.00,  0.00,  0.00,  0.0,  0.0,  0.0
1049078.82168530, 44845.654458,    0.0,    2.0, -2.0,  0.00,  0.00,  0.00,  0.0,  0.0,  0.0
1049078.82418530, 44844.836667,    0.0,    2.0, -2.0,  0.00,  0.00,  0.00,  0.0,  0.0,  0.0
1049078.82668530, 44844.018876,    0.0,    2.0, -2.0,  0.00,  0.00,  0.00,  0.0,  0.0,  0.0
1049078.82918530, 44842.771018,    0.0,    2.0, -2.0,  0.00,  0.00,  0.00,  0.0,  0.0,  0.0
1049078.83168530, 44841.456499,    0.0,    2.0, -2.0,  0.00,  0.00,  0.00,  0.0,  0.0,  0.0
1049078.83418530, 44840.324936,    0.0,    2.0, -2.0,  0.00,  0.00,  0.00,  0.0,  0.0,  0.0
1049078.83668530, 44841.179191,    0.0,    2.0, -2.0,  0.00,  0.00,  0.00,  0.0,  0.0,  0.0
1049078.83918530, 44842.033447,    0.0,    2.0, -2.0,  0.00,  0.00,  0.00,  0.0,  0.0,  0.0
1049078.84168530, 44844.266719,    0.0,    2.0, -2.0,  0.00,  0.00,  0.00,  0.0,  0.0,  0.0
1049078.84418530, 44844.530923,    0.0,    2.0, -2.0,  0.00,  0.00,  0.00,  0.0,  0.0,  0.0
1049078.84668530, 44843.181560,    0.0,    2.0, -2.0,  0.00,  0.00,  0.00,  0.0,  0.0,  0.0
1049078.84918530, 44841.578409,    0.0,    2.0, -2.0,  0.00,  0.00,  0.00,  0.0,  0.0,  0.0
1049078.85168530, 44840.866204,    0.0,    2.0, -2.0,  0.00,  0.00,  0.00,  0.0,  0.0,  0.0
1049078.85418530, 44841.179250,    0.0,    2.0, -2.0,  0.00,  0.00,  0.00,  0.0,  0.0,  0.0
1049078.85668530, 44841.936804,    0.0,    2.0, -2.0,  0.00,  0.00,  0.00,  0.0,  0.0,  0.0
1049078.85918530, 44842.694358,    0.0,    2.0, -2.0,  0.00,  0.00,  0.00,  0.0,  0.0,  0.0
1049078.86168530, 44845.321938,    0.0,    2.0, -2.0,  0.00,  0.00,  0.00,  0.0,  0.0,  0.0
1049078.86418530, 44844.217805,    0.0,    2.0, -2.0,  0.00,  0.00,  0.00,  0.0,  0.0,  0.0
1049078.86668530, 44842.788207,    0.0,    2.0, -2.0,  0.00,  0.00,  0.00,  0.0,  0.0,  0.0
1049078.86918530, 44841.874994,    0.0,    2.0, -2.0,  0.00,  0.00,  0.00,  0.0,  0.0,  0.0
1049078.87168530, 44841.287633,    0.0,    2.0, -2.0,  0.00,  0.00,  0.00,  0.0,  0.0,  0.0
1049078.87418530, 44841.200615,    0.0,    2.0, -2.0,  0.00,  0.00,  0.00,  0.0,  0.0,  0.0
1049078.87668530, 44841.113598,    0.0,    2.0, -2.0,  0.00,  0.00,  0.00,  0.0,  0.0,  0.0
1049078.87918530, 44841.374719,    0.0,    2.0, -2.0,  0.00,  0.00,  0.00,  0.0,  0.0,  0.0
1049078.88168530, 44843.027697,    0.0,    2.0, -2.0,  0.00,  0.00,  0.00,  0.0,  0.0,  0.0
1049078.88418530, 44844.680675,    0.0,    2.0, -2.0,  0.00,  0.00,  0.00,  0.0,  0.0,  0.0
1049078.88668530, 44845.403720,    0.0,    2.0, -2.0,  0.00,  0.00,  0.00,  0.0,  0.0,  0.0
1049078.88918530, 44843.442778,    0.0,    2.0, -2.0,  0.00,  0.00,  0.00,  0.0,  0.0,  0.0
1049078.89168530, 44841.979751,    0.0,    2.0, -2.0,  0.00,  0.00,  0.00,  0.0,  0.0,  0.0
1049078.89418530, 44842.299484,    0.0,    2.0, -2.0,  0.00,  0.00,  0.00,  0.0,  0.0,  0.0
1049078.89918530, 44844.576480,    0.0,    2.0, -2.0,  0.00,  0.00,  0.00,  0.0,  0.0,  0.0
1049078.90168530, 44845.343068,    0.0,    2.0, -2.0,  0.00,  0.00,  0.00,  0.0,  0.0,  0.0
1049078.90418530, 44844.338879,    0.0,    2.0, -2.0,  0.00,  0.00,  0.00,  0.0,  0.0,  0.0
1049078.90668530, 44843.246553,    0.0,    2.0, -2.0,  0.00,  0.00,  0.00,  0.0,  0.0,  0.0
1049078.90918530, 44842.586839,    0.0,    2.0, -2.0,  0.00,  0.00,  0.00,  0.0,  0.0,  0.0
1049078.91168530, 44841.927125,    0.0,    2.0, -2.0,  0.00,  0.00,  0.00,  0.0,  0.0,  0.0
1049078.91418530, 44842.622912,    0.0,    2.0, -2.0,  0.00,  0.00,  0.00,  0.0,  0.0,  0.0
1049078.91668530, 44842.701067,    0.0,    2.0, -2.0,  0.00,  0.00,  0.00,  0.0,  0.0,  0.0
1049078.91918530, 44842.701067,    0.0,    2.0, -2.0,  0.00,  0.00,  0.00,  0.0,  0.0,  0.0
1049078.92168530, 44842.891541,    0.0,    2.0, -2.0,  0.00,  0.00,  0.00,  0.0,  0.0,  0.0
1049078.92418530, 44845.485793,    0.0,    2.0, -2.0,  0.00,  0.00,  0.00,  0.0,  0.0,  0.0
1049078.92668530, 44845.000191,    0.0,    2.0, -2.0,  0.00,  0.00,  0.00,  0.0,  0.0,  0.0
1049078.92918530, 44844.514588,    0.0,    2.0, -2.0,  0.00,  0.00,  0.00,  0.0,  0.0,  0.0
1049078.93168530, 44843.011408,    0.0,    2.0, -2.0,  0.00,  0.00,  0.00,  0.0,  0.0,  0.0
1049078.93418530, 44841.563006,    0.0,    2.0, -2.0,  0.00,  0.00,  0.00,  0.0,  0.0,  0.0
1049078.93668530, 44843.301378,    0.0,    2.0, -2.0,  0.00,  0.00,  0.00,  0.0,  0.0,  0.0
1049078.93918530, 44844.443185,    0.0,    2.0, -2.0,  0.00,  0.00,  0.00,  0.0,  0.0,  0.0
1049078.94168530, 44845.584991,    0.0,    2.0, -2.0,  0.00,  0.00,  0.00,  0.0,  0.0,  0.0
1049078.94418530, 44845.641513,    0.0,    2.0, -2.0,  0.00,  0.00,  0.00,  0.0,  0.0,  0.0
1049078.94668530, 44844.445490,    0.0,    2.0, -2.0,  0.00,  0.00,  0.00,  0.0,  0.0,  0.0
1049078.94918530, 44842.884763,    0.0,    2.0, -2.0,  0.00,  0.00,  0.00,  0.0,  0.0,  0.0
1049078.95168530, 44841.313986,    0.0,    2.0, -2.0,  0.00,  0.00,  0.00,  0.0,  0.0,  0.0
1049078.95418530, 44841.914244,    0.0,    2.0, -2.0,  0.00,  0.00,  0.00,  0.0,  0.0,  0.0
1049078.95668530, 44843.559980,    0.0,    2.0, -2.0,  0.00,  0.00,  0.00,  0.0,  0.0,  0.0
1049078.95918530, 44845.555650,    0.0,    2.0, -2.0,  0.00,  0.00,  0.00,  0.0,  0.0,  0.0
1049078.96168530, 44846.067803,    0.0,    2.0, -2.0,  0.00,  0.00,  0.00,  0.0,  0.0,  0.0
1049078.96418530, 44845.171795,    0.0,    2.0, -2.0,  0.00,  0.00,  0.00,  0.0,  0.0,  0.0
1049078.96668530, 44843.535052,    0.0,    2.0, -2.0,  0.00,  0.00,  0.00,  0.0,  0.0,  0.0
1049078.96918530, 44841.769991,    0.0,    2.0, -2.0,  0.00,  0.00,  0.00,  0.0,  0.0,  0.0
1049078.97168530, 44841.212535,    0.0,    2.0, -2.0,  0.00,  0.00,  0.00,  0.0,  0.0,  0.0
1049078.97418530, 44840.655078,    0.0,    2.0, -2.0,  0.00,  0.00,  0.00,  0.0,  0.0,  0.0
1049078.97668530, 44842.858845,    0.0,    2.0, -2.0,  0.00,  0.00,  0.00,  0.0,  0.0,  0.0
1049078.97918530, 44844.513899,    0.0,    2.0, -2.0,  0.00,  0.00,  0.00,  0.0,  0.0,  0.0
1049078.98168530, 44844.918281,    0.0,    2.0, -2.0,  0.00,  0.00,  0.00,  0.0,  0.0,  0.0
1049078.98418530, 44845.322663,    0.0,    2.0, -2.0,  0.00,  0.00,  0.00,  0.0,  0.0,  0.0
1049078.98668530, 44844.566573,    0.0,    2.0, -2.0,  0.00,  0.00,  0.00,  0.0,  0.0,  0.0
1049078.98918530, 44841.468972,    0.0,    2.0, -2.0,  0.00,  0.00,  0.00,  0.0,  0.0,  0.0
1049078.99168530, 44840.876921,    0.0,    2.0, -2.0,  0.00,  0.00,  0.00,  0.0,  0.0,  0.0
1049078.99418530, 44840.331802,    0.0,    2.0, -2.0,  0.00,  0.00,  0.00,  0.0,  0.0,  0.0
1049078.99668530, 44841.034802,    0.0,    2.0, -2.0,  0.00,  0.00,  0.00,  0.0,  0.0,  0.0
1049078.99918530, 44841.737801,    0.0,    2.0, -2.0,  0.00,  0.00,  0.00,  0.0,  0.0,  0.0
1049079.00168530, 44843.180148,    0.0,    2.0, -2.0,  0.00,  0.00,  0.00,  0.0,  0.0,  0.0
1049079.00418530, 44844.720392,    0.0,    2.0, -2.0,  0.00,  0.00,  0.00,  0.0,  0.0,  0.0
1049079.00668530, 44843.646979,    0.0,    2.0, -2.0,  0.00,  0.00,  0.00,  0.0,  0.0,  0.0
1049079.00918530, 44842.552897,    0.0,    2.0, -2.0,  0.00,  0.00,  0.00,  0.0,  0.0,  0.0
1049079.01168530, 44841.609808,    0.0,    2.0, -2.0,  0.00,  0.00,  0.00,  0.0,  0.0,  0.0
1049079.01418530, 44841.168824,    0.0,    2.0, -2.0,  0.00,  0.00,  0.00,  0.0,  0.0,  0.0
1049079.01668530, 44843.090126,    0.0,    2.0, -2.0,  0.00,  0.00,  0.00,  0.0,  0.0,  0.0
1049079.01918530, 44845.188871,    0.0,    2.0, -2.0,  0.00,  0.00,  0.00,  0.0,  0.0,  0.0
1049079.02168530, 44845.828817,    0.0,    2.0, -2.0,  0.00,  0.00,  0.00,  0.0,  0.0,  0.0
1049079.02418530, 44844.794085,    0.0,    2.0, -2.0,  0.00,  0.00,  0.00,  0.0,  0.0,  0.0
1049079.02668530, 44843.407493,    0.0,    2.0, -2.0,  0.00,  0.00,  0.00,  0.0,  0.0,  0.0
1049079.02918530, 44841.641438,    0.0,    2.0, -2.0,  0.00,  0.00,  0.00,  0.0,  0.0,  0.0
1049079.03168530, 44840.948888,    0.0,    2.0, -2.0,  0.00,  0.00,  0.00,  0.0,  0.0,  0.0
1049079.03418530, 44841.560597,    0.0,    2.0, -2.0,  0.00,  0.00,  0.00,  0.0,  0.0,  0.0
1049079.03668530, 44842.307836,    0.0,    2.0, -2.0,  0.00,  0.00,  0.00,  0.0,  0.0,  0.0
1049079.03918530, 44843.397026,    0.0,    2.0, -2.0,  0.00,  0.00,  0.00,  0.0,  0.0,  0.0
1049079.04168530, 44845.830979,    0.0,    2.0, -2.0,  0.00,  0.00,  0.00,  0.0,  0.0,  0.0
1049079.04418530, 44845.676316,    0.0,    2.0, -2.0,  0.00,  0.00,  0.00,  0.0,  0.0,  0.0
1049079.04668530, 44845.071435,    0.0,    2.0, -2.0,  0.00,  0.00,  0.00,  0.0,  0.0,  0.0
1049079.04918530, 44844.466555,    0.0,    2.0, -2.0,  0.00,  0.00,  0.00,  0.0,  0.0,  0.0
1049079.05168530, 44843.800595,    0.0,    2.0, -2.0,  0.00,  0.00,  0.00,  0.0,  0.0,  0.0
1049079.05418530, 44842.938560,    0.0,    2.0, -2.0,  0.00,  0.00,  0.00,  0.0,  0.0,  0.0
1049079.05668530, 44842.076525,    0.0,    2.0, -2.0,  0.00,  0.00,  0.00,  0.0,  0.0,  0.0
1049079.05918530, 44841.214490,    0.0,    2.0, -2.0,  0.00,  0.00,  0.00,  0.0,  0.0,  0.0
1049079.06168530, 44842.482774,    0.0,    2.0, -2.0,  0.00,  0.00,  0.00,  0.0,  0.0,  0.0
1049079.06418530, 44844.651068,    0.0,    2.0, -2.0,  0.00,  0.00,  0.00,  0.0,  0.0,  0.0
1049079.06668530, 44845.146258,    0.0,    2.0, -2.0,  0.00,  0.00,  0.00,  0.0,  0.0,  0.0
1049079.06918530, 44843.285304,    0.0,    2.0, -2.0,  0.00,  0.00,  0.00,  0.0,  0.0,  0.0
1049079.07168530, 44841.740695,    0.0,    2.0, -2.0,  0.00,  0.00,  0.00,  0.0,  0.0,  0.0
1049079.07418530, 44840.993953,    0.0,    2.0, -2.0,  0.00,  0.00,  0.00,  0.0,  0.0,  0.0
1049079.07668530, 44841.714622,    0.0,    2.0, -2.0,  0.00,  0.00,  0.00,  0.0,  0.0,  0.0
1049079.07918530, 44843.029631,    0.0,    2.0, -2.0,  0.00,  0.00,  0.00,  0.0,  0.0,  0.0
1049079.08168530, 44845.616054,    0.0,    2.0, -2.0,  0.00,  0.00,  0.00,  0.0,  0.0,  0.0
1049079.08418530, 44844.948616,    0.0,    2.0, -2.0,  0.00,  0.00,  0.00,  0.0,  0.0,  0.0
1049079.08668530, 44843.261788,    0.0,    2.0, -2.0,  0.00,  0.00,  0.00,  0.0,  0.0,  0.0
1049079.08918530, 44841.562633,    0.0,    2.0, -2.0,  0.00,  0.00,  0.00,  0.0,  0.0,  0.0
1049079.09168530, 44840.994115,    0.0,    2.0, -2.0,  0.00,  0.00,  0.00,  0.0,  0.0,  0.0
1049079.09418530, 44841.663895,    0.0,    2.0, -2.0,  0.00,  0.00,  0.00,  0.0,  0.0,  0.0
1049079.09668530, 44842.793601,    0.0,    2.0, -2.0,  0.00,  0.00,  0.00,  0.0,  0.0,  0.0
1049079.09918530, 44843.726393,    0.0,    2.0, -2.0,  0.00,  0.00,  0.00,  0.0,  0.0,  0.0
1049079.10168530, 44844.822381,    0.0,    2.0, -2.0,  0.00,  0.00,  0.00,  0.0,  0.0,  0.0
1049079.10418530, 44845.549338,    0.0,    2.0, -2.0,  0.00,  0.00,  0.00,  0.0,  0.0,  0.0
1049079.10668530, 44845.143815,    0.0,    2.0, -2.0,  0.00,  0.00,  0.00,  0.0,  0.0,  0.0
1049079.10918530, 44844.738292,    0.0,    2.0, -2.0,  0.00,  0.00,  0.00,  0.0,  0.0,  0.0
1049079.11168530, 44844.332768,    0.0,    2.0, -2.0,  0.00,  0.00,  0.00,  0.0,  0.0,  0.0
1049079.11418530, 44843.720542,    0.0,    2.0, -2.0,  0.00,  0.00,  0.00,  0.0,  0.0,  0.0
1049079.11668530, 44842.978588,    0.0,    2.0, -2.0,  0.00,  0.00,  0.00,  0.0,  0.0,  0.0
1049079.11918530, 44843.925912,    0.0,    2.0, -2.0,  0.00,  0.00,  0.00,  0.0,  0.0,  0.0
1049079.12168530, 44845.828635,    0.0,    2.0, -2.0,  0.00,  0.00,  0.00,  0.0,  0.0,  0.0
1049079.12418530, 44846.090053,    0.0,    2.0, -2.0,  0.00,  0.00,  0.00,  0.0,  0.0,  0.0
1049079.12668530, 44846.090053,    0.0,    2.0, -2.0,  0.00,  0.00,  0.00,  0.0,  0.0,  0.0
1049079.12918530, 44844.419541,    0.0,    2.0, -2.0,  0.00,  0.00,  0.00,  0.0,  0.0,  0.0
1049079.13168530, 44840.957736,    0.0,    2.0, -2.0,  0.00,  0.00,  0.00,  0.0,  0.0,  0.0
1049079.13418530, 44841.341469,    0.0,    2.0, -2.0,  0.00,  0.00,  0.00,  0.0,  0.0,  0.0
1049079.13668530, 44843.182699,    0.0,    2.0, -2.0,  0.00,  0.00,  0.00,  0.0,  0.0,  0.0
1049079.13918530, 44845.132187,    0.0,    2.0, -2.0,  0.00,  0.00,  0.00,  0.0,  0.0,  0.0
1049079.14168530, 44845.792358,    0.0,    2.0, -2.0,  0.00,  0.00,  0.00,  0.0,  0.0,  0.0
1049079.14418530, 44845.113327,    0.0,    2.0, -2.0,  0.00,  0.00,  0.00,  0.0,  0.0,  0.0
1049079.14668530, 44843.345533,    0.0,    2.0, -2.0,  0.00,  0.00,  0.00,  0.0,  0.0,  0.0
1049079.14918530, 44841.684022,    0.0,    2.0, -2.0,  0.00,  0.00,  0.00,  0.0,  0.0,  0.0
1049079.15168530, 44841.086150,    0.0,    2.0, -2.0,  0.00,  0.00,  0.00,  0.0,  0.0,  0.0
1049079.15418530, 44842.030033,    0.0,    2.0, -2.0,  0.00,  0.00,  0.00,  0.0,  0.0,  0.0
1049079.15668530, 44844.429683,    0.0,    2.0, -2.0,  0.00,  0.00,  0.00,  0.0,  0.0,  0.0
1049079.15918530, 44844.668176,    0.0,    2.0, -2.0,  0.00,  0.00,  0.00,  0.0,  0.0,  0.0
1049079.16168530, 44844.668176,    0.0,    2.0, -2.0,  0.00,  0.00,  0.00,  0.0,  0.0,  0.0
1049079.16418530, 44844.321809,    0.0,    2.0, -2.0,  0.00,  0.00,  0.00,  0.0,  0.0,  0.0
1049079.16668530, 44843.043675,    0.0,    2.0, -2.0,  0.00,  0.00,  0.00,  0.0,  0.0,  0.0
1049079.16918530, 44841.613385,    0.0,    2.0, -2.0,  0.00,  0.00,  0.00,  0.0,  0.0,  0.0
1049079.17168530, 44840.817486,    0.0,    2.0, -2.0,  0.00,  0.00,  0.00,  0.0,  0.0,  0.0
1049079.17418530, 44841.176214,    0.0,    2.0, -2.0,  0.00,  0.00,  0.00,  0.0,  0.0,  0.0
1049079.17668530, 44843.141768,    0.0,    2.0, -2.0,  0.00,  0.00,  0.00,  0.0,  0.0,  0.0
1049079.17918530, 44844.337958,    0.0,    2.0, -2.0,  0.00,  0.00,  0.00,  0.0,  0.0,  0.0
1049079.18168530, 44845.199357,    0.0,    2.0, -2.0,  0.00,  0.00,  0.00,  0.0,  0.0,  0.0
1049079.18418530, 44844.507842,    0.0,    2.0, -2.0,  0.00,  0.00,  0.00,  0.0,  0.0,  0.0
1049079.18668530, 44843.094345,    0.0,    2.0, -2.0,  0.00,  0.00,  0.00,  0.0,  0.0,  0.0
1049079.18918530, 44841.882631,    0.0,    2.0, -2.0,  0.00,  0.00,  0.00,  0.0,  0.0,  0.0
1049079.19168530, 44841.342253,    0.0,    2.0, -2.0,  0.00,  0.00,  0.00,  0.0,  0.0,  0.0
1049079.19418530, 44841.035678,    0.0,    2.0, -2.0,  0.00,  0.00,  0.00,  0.0,  0.0,  0.0
1049079.19918530, 44843.780010,    0.0,    2.0, -2.0,  0.00,  0.00,  0.00,  0.0,  0.0,  0.0
1049079.20168530, 44845.151491,    0.0,    2.0, -2.0,  0.00,  0.00,  0.00,  0.0,  0.0,  0.0
1049079.20418530, 44845.407225,    0.0,    2.0, -2.0,  0.00,  0.00,  0.00,  0.0,  0.0,  0.0
1049079.20668530, 44843.539712,    0.0,    2.0, -2.0,  0.00,  0.00,  0.00,  0.0,  0.0,  0.0
1049079.20918530, 44841.538569,    0.0,    2.0, -2.0,  0.00,  0.00,  0.00,  0.0,  0.0,  0.0
1049079.21168530, 44840.766407,    0.0,    2.0, -2.0,  0.00,  0.00,  0.00,  0.0,  0.0,  0.0
1049079.21418530, 44842.316711,    0.0,    2.0, -2.0,  0.00,  0.00,  0.00,  0.0,  0.0,  0.0
1049079.21668530, 44844.602891,    0.0,    2.0, -2.0,  0.00,  0.00,  0.00,  0.0,  0.0,  0.0
1049079.21918530, 44844.940584,    0.0,    2.0, -2.0,  0.00,  0.00,  0.00,  0.0,  0.0,  0.0
1049079.22168530, 44845.759400,    0.0,    2.0, -2.0,  0.00,  0.00,  0.00,  0.0,  0.0,  0.0
1049079.22418530, 44845.695917,    0.0,    2.0, -2.0,  0.00,  0.00,  0.00,  0.0,  0.0,  0.0
1049079.22668530, 44845.632433,    0.0,    2.0, -2.0,  0.00,  0.00,  0.00,  0.0,  0.0,  0.0
1049079.22918530, 44842.588077,    0.0,    2.0, -2.0,  0.00,  0.00,  0.00,  0.0,  0.0,  0.0
1049079.23168530, 44841.972057,    0.0,    2.0, -2.0,  0.00,  0.00,  0.00,  0.0,  0.0,  0.0
1049079.23418530, 44841.534902,    0.0,    2.0, -2.0,  0.00,  0.00,  0.00,  0.0,  0.0,  0.0
1049079.23668530, 44841.097747,    0.0,    2.0, -2.0,  0.00,  0.00,  0.00,  0.0,  0.0,  0.0
1049079.23918530, 44842.088453,    0.0,    2.0, -2.0,  0.00,  0.00,  0.00,  0.0,  0.0,  0.0
1049079.24168530, 44843.908860,    0.0,    2.0, -2.0,  0.00,  0.00,  0.00,  0.0,  0.0,  0.0
1049079.24418530, 44845.729266,    0.0,    2.0, -2.0,  0.00,  0.00,  0.00,  0.0,  0.0,  0.0
1049079.24668530, 44844.681302,    0.0,    2.0, -2.0,  0.00,  0.00,  0.00,  0.0,  0.0,  0.0
1049079.24918530, 44842.715130,    0.0,    2.0, -2.0,  0.00,  0.00,  0.00,  0.0,  0.0,  0.0
1049079.25168530, 44840.706403,    0.0,    2.0, -2.0,  0.00,  0.00,  0.00,  0.0,  0.0,  0.0
1049079.25418530, 44840.760579,    0.0,    2.0, -2.0,  0.00,  0.00,  0.00,  0.0,  0.0,  0.0
1049079.25668530, 44841.161481,    0.0,    2.0, -2.0,  0.00,  0.00,  0.00,  0.0,  0.0,  0.0
1049079.25918530, 44844.167253,    0.0,    2.0, -2.0,  0.00,  0.00,  0.00,  0.0,  0.0,  0.0
1049079.26168530, 44844.629801,    0.0,    2.0, -2.0,  0.00,  0.00,  0.00,  0.0,  0.0,  0.0
1049079.26418530, 44845.092349,    0.0,    2.0, -2.0,  0.00,  0.00,  0.00,  0.0,  0.0,  0.0
1049079.26668530, 44845.554897,    0.0,    2.0, -2.0,  0.00,  0.00,  0.00,  0.0,  0.0,  0.0
1049079.26918530, 44845.798560,    0.0,    2.0, -2.0,  0.00,  0.00,  0.00,  0.0,  0.0,  0.0
1049079.27168530, 44841.972605,    0.0,    2.0, -2.0,  0.00,  0.00,  0.00,  0.0,  0.0,  0.0
1049079.27418530, 44841.074350,    0.0,    2.0, -2.0,  0.00,  0.00,  0.00,  0.0,  0.0,  0.0
1049079.27668530, 44842.098793,    0.0,    2.0, -2.0,  0.00,  0.00,  0.00,  0.0,  0.0,  0.0
1049079.27918530, 44844.717857,    0.0,    2.0, -2.0,  0.00,  0.00,  0.00,  0.0,  0.0,  0.0
1049079.28168530, 44845.931776,    0.0,    2.0, -2.0,  0.00,  0.00,  0.00,  0.0,  0.0,  0.0
1049079.28418530, 44845.672194,    0.0,    2.0, -2.0,  0.00,  0.00,  0.00,  0.0,  0.0,  0.0
1049079.28668530, 44843.572937,    0.0,    2.0, -2.0,  0.00,  0.00,  0.00,  0.0,  0.0,  0.0
1049079.28918530, 44841.719965,    0.0,    2.0, -2.0,  0.00,  0.00,  0.00,  0.0,  0.0,  0.0
1049079.29168530, 44841.380137,    0.0,    2.0, -2.0,  0.00,  0.00,  0.00,  0.0,  0.0,  0.0
1049079.29418530, 44841.636715,    0.0,    2.0, -2.0,  0.00,  0.00,  0.00,  0.0,  0.0,  0.0
1049079.29668530, 44843.619388,    0.0,    2.0, -2.0,  0.00,  0.00,  0.00,  0.0,  0.0,  0.0
1049079.29918530, 44845.372610,    0.0,    2.0, -2.0,  0.00,  0.00,  0.00,  0.0,  0.0,  0.0
1049079.30168530, 44845.784406,    0.0,    2.0, -2.0,  0.00,  0.00,  0.00,  0.0,  0.0,  0.0
1049079.30418530, 44845.874357,    0.0,    2.0, -2.0,  0.00,  0.00,  0.00,  0.0,  0.0,  0.0
1049079.30668530, 44845.860501,    0.0,    2.0, -2.0,  0.00,  0.00,  0.00,  0.0,  0.0,  0.0
1049079.30918530, 44842.320234,    0.0,    2.0, -2.0,  0.00,  0.00,  0.00,  0.0,  0.0,  0.0
1049079.31168530, 44841.326458,    0.0,    2.0, -2.0,  0.00,  0.00,  0.00,  0.0,  0.0,  0.0
1049079.31418530, 44841.922035,    0.0,    2.0, -2.0,  0.00,  0.00,  0.00,  0.0,  0.0,  0.0
1049079.31668530, 44842.740698,    0.0,    2.0, -2.0,  0.00,  0.00,  0.00,  0.0,  0.0,  0.0
1049079.31918530, 44845.084928,    0.0,    2.0, -2.0,  0.00,  0.00,  0.00,  0.0,  0.0,  0.0
1049079.32168530, 44846.025951,    0.0,    2.0, -2.0,  0.00,  0.00,  0.00,  0.0,  0.0,  0.0
1049079.32418530, 44846.036599,    0.0,    2.0, -2.0,  0.00,  0.00,  0.00,  0.0,  0.0,  0.0
1049079.32668530, 44844.235759,    0.0,    2.0, -2.0,  0.00,  0.00,  0.00,  0.0,  0.0,  0.0
1049079.32918530, 44841.775903,    0.0,    2.0, -2.0,  0.00,  0.00,  0.00,  0.0,  0.0,  0.0
1049079.33168530, 44841.526441,    0.0,    2.0, -2.0,  0.00,  0.00,  0.00,  0.0,  0.0,  0.0
1049079.33418530, 44842.200722,    0.0,    2.0, -2.0,  0.00,  0.00,  0.00,  0.0,  0.0,  0.0
1049079.33668530, 44843.323519,    0.0,    2.0, -2.0,  0.00,  0.00,  0.00,  0.0,  0.0,  0.0
1049079.33918530, 44844.846282,    0.0,    2.0, -2.0,  0.00,  0.00,  0.00,  0.0,  0.0,  0.0
1049079.34168530, 44845.835443,    0.0,    2.0, -2.0,  0.00,  0.00,  0.00,  0.0,  0.0,  0.0
1049079.34418530, 44845.445920,    0.0,    2.0, -2.0,  0.00,  0.00,  0.00,  0.0,  0.0,  0.0
1049079.34668530, 44845.110779,    0.0,    2.0, -2.0,  0.00,  0.00,  0.00,  0.0,  0.0,  0.0
1049079.34918530, 44844.775637,    0.0,    2.0, -2.0,  0.00,  0.00,  0.00,  0.0,  0.0,  0.0
1049079.35168530, 44844.440496,    0.0,    2.0, -2.0,  0.00,  0.00,  0.00,  0.0,  0.0,  0.0
1049079.35418530, 44844.055573,    0.0,    2.0, -2.0,  0.00,  0.00,  0.00,  0.0,  0.0,  0.0
1049079.35668530, 44843.558636,    0.0,    2.0, -2.0,  0.00,  0.00,  0.00,  0.0,  0.0,  0.0
1049079.35918530, 44843.061698,    0.0,    2.0, -2.0,  0.00,  0.00,  0.00,  0.0,  0.0,  0.0
1049079.36168530, 44843.023631,    0.0,    2.0, -2.0,  0.00,  0.00,  0.00,  0.0,  0.0,  0.0
1049079.36418530, 44843.972780,    0.0,    2.0, -2.0,  0.00,  0.00,  0.00,  0.0,  0.0,  0.0
1049079.36668530, 44844.921929,    0.0,    2.0, -2.0,  0.00,  0.00,  0.00,  0.0,  0.0,  0.0
1049079.36918530, 44844.250820,    0.0,    2.0, -2.0,  0.00,  0.00,  0.00,  0.0,  0.0,  0.0
1049079.37168530, 44842.235066,    0.0,    2.0, -2.0,  0.00,  0.00,  0.00,  0.0,  0.0,  0.0
1049079.37418530, 44840.785844,    0.0,    2.0, -2.0,  0.00,  0.00,  0.00,  0.0,  0.0,  0.0
1049079.37668530, 44842.474766,    0.0,    2.0, -2.0,  0.00,  0.00,  0.00,  0.0,  0.0,  0.0
1049079.37918530, 44843.265271,    0.0,    2.0, -2.0,  0.00,  0.00,  0.00,  0.0,  0.0,  0.0
1049079.38168530, 44844.112251,    0.0,    2.0, -2.0,  0.00,  0.00,  0.00,  0.0,  0.0,  0.0
1049079.38418530, 44844.978437,    0.0,    2.0, -2.0,  0.00,  0.00,  0.00,  0.0,  0.0,  0.0
1049079.38668530, 44842.880248,    0.0,    2.0, -2.0,  0.00,  0.00,  0.00,  0.0,  0.0,  0.0
1049079.38918530, 44841.325598,    0.0,    2.0, -2.0,  0.00,  0.00,  0.00,  0.0,  0.0,  0.0
1049079.39168530, 44840.976626,    0.0,    2.0, -2.0,  0.00,  0.00,  0.00,  0.0,  0.0,  0.0
1049079.39418530, 44841.053479,    0.0,    2.0, -2.0,  0.00,  0.00,  0.00,  0.0,  0.0,  0.0
1049079.39668530, 44843.043680,    0.0,    2.0, -2.0,  0.00,  0.00,  0.00,  0.0,  0.0,  0.0
1049079.39918530, 44844.995133,    0.0,    2.0, -2.0,  0.00,  0.00,  0.00,  0.0,  0.0,  0.0
1049079.40168530, 44845.326863,    0.0,    2.0, -2.0,  0.00,  0.00,  0.00,  0.0,  0.0,  0.0
1049079.40418530, 44845.205629,    0.0,    2.0, -2.0,  0.00,  0.00,  0.00,  0.0,  0.0,  0.0
1049079.40668530, 44842.135998,    0.0,    2.0, -2.0,  0.00,  0.00,  0.00,  0.0,  0.0,  0.0
1049079.40918530, 44841.559252,    0.0,    2.0, -2.0,  0.00,  0.00,  0.00,  0.0,  0.0,  0.0
1049079.41168530, 44840.507208,    0.0,    2.0, -2.0,  0.00,  0.00,  0.00,  0.0,  0.0,  0.0
1049079.41418530, 44840.562337,    0.0,    2.0, -2.0,  0.00,  0.00,  0.00,  0.0,  0.0,  0.0
1049079.41668530, 44840.617466,    0.0,    2.0, -2.0,  0.00,  0.00,  0.00,  0.0,  0.0,  0.0
1049079.41918530, 44841.948015,    0.0,    2.0, -2.0,  0.00,  0.00,  0.00,  0.0,  0.0,  0.0
1049079.42168530, 44844.020449,    0.0,    2.0, -2.0,  0.00,  0.00,  0.00,  0.0,  0.0,  0.0
1049079.42418530, 44846.018390,    0.0,    2.0, -2.0,  0.00,  0.00,  0.00,  0.0,  0.0,  0.0
1049079.42668530, 44844.704722,    0.0,    2.0, -2.0,  0.00,  0.00,  0.00,  0.0,  0.0,  0.0
1049079.42918530, 44843.391055,    0.0,    2.0, -2.0,  0.00,  0.00,  0.00,  0.0,  0.0,  0.0
1049079.43168530, 44842.153930,    0.0,    2.0, -2.0,  0.00,  0.00,  0.00,  0.0,  0.0,  0.0
1049079.43418530, 44841.856115,    0.0,    2.0, -2.0,  0.00,  0.00,  0.00,  0.0,  0.0,  0.0
1049079.43668530, 44843.207554,    0.0,    2.0, -2.0,  0.00,  0.00,  0.00,  0.0,  0.0,  0.0
1049079.43918530, 44844.899927,    0.0,    2.0, -2.0,  0.00,  0.00,  0.00,  0.0,  0.0,  0.0
1049079.44168530, 44845.559273,    0.0,    2.0, -2.0,  0.00,  0.00,  0.00,  0.0,  0.0,  0.0
1049079.44418530, 44844.696021,    0.0,    2.0, -2.0,  0.00,  0.00,  0.00,  0.0,  0.0,  0.0
1049079.44668530, 44841.888565,    0.0,    2.0, -2.0,  0.00,  0.00,  0.00,  0.0,  0.0,  0.0
1049079.44918530, 44841.888565,    0.0,    2.0, -2.0,  0.00,  0.00,  0.00,  0.0,  0.0,  0.0
1049079.45168530, 44841.648978,    0.0,    2.0, -2.0,  0.00,  0.00,  0.00,  0.0,  0.0,  0.0
1049079.45418530, 44842.203770,    0.0,    2.0, -2.0,  0.00,  0.00,  0.00,  0.0,  0.0,  0.0
1049079.45668530, 44842.972001,    0.0,    2.0, -2.0,  0.00,  0.00,  0.00,  0.0,  0.0,  0.0
1049079.45918530, 44843.569495,    0.0,    2.0, -2.0,  0.00,  0.00,  0.00,  0.0,  0.0,  0.0
1049079.46168530, 44844.166989,    0.0,    2.0, -2.0,  0.00,  0.00,  0.00,  0.0,  0.0,  0.0
1049079.46418530, 44844.307361,    0.0,    2.0, -2.0,  0.00,  0.00,  0.00,  0.0,  0.0,  0.0
1049079.46668530, 44843.703037,    0.0,    2.0, -2.0,  0.00,  0.00,  0.00,  0.0,  0.0,  0.0
1049079.46918530, 44842.499312,    0.0,    2.0, -2.0,  0.00,  0.00,  0.00,  0.0,  0.0,  0.0
1049079.47168530, 44841.981078,    0.0,    2.0, -2.0,  0.00,  0.00,  0.00,  0.0,  0.0,  0.0
1049079.47418530, 44841.569243,    0.0,    2.0, -2.0,  0.00,  0.00,  0.00,  0.0,  0.0,  0.0
1049079.47668530, 44842.683507,    0.0,    2.0, -2.0,  0.00,  0.00,  0.00,  0.0,  0.0,  0.0
1049079.47918530, 44844.032284,    0.0,    2.0, -2.0,  0.00,  0.00,  0.00,  0.0,  0.0,  0.0
1049079.48168530, 44845.530171,    0.0,    2.0, -2.0,  0.00,  0.00,  0.00,  0.0,  0.0,  0.0
1049079.48418530, 44845.662968,    0.0,    2.0, -2.0,  0.00,  0.00,  0.00,  0.0,  0.0,  0.0
1049079.48668530, 44843.657470,    0.0,    2.0, -2.0,  0.00,  0.00,  0.00,  0.0,  0.0,  0.0
1049079.48918530, 44842.155445,    0.0,    2.0, -2.0,  0.00,  0.00,  0.00,  0.0,  0.0,  0.0
1049079.49168530, 44841.702712,    0.0,    2.0, -2.0,  0.00,  0.00,  0.00,  0.0,  0.0,  0.0
1049079.49418530, 44841.459539,    0.0,    2.0, -2.0,  0.00,  0.00,  0.00,  0.0,  0.0,  0.0
1049079.49668530, 44843.526462,    0.0,    2.0, -2.0,  0.00,  0.00,  0.00,  0.0,  0.0,  0.0
1049079.49918530, 44844.699154,    0.0,    2.0, -2.0,  0.00,  0.00,  0.00,  0.0,  0.0,  0.0
1049079.50168530, 44845.898204,    0.0,    2.0, -2.0,  0.00,  0.00,  0.00,  0.0,  0.0,  0.0
1049079.50418530, 44845.911659,    0.0,    2.0, -2.0,  0.00,  0.00,  0.00,  0.0,  0.0,  0.0
1049079.50668530, 44845.834722,    0.0,    2.0, -2.0,  0.00,  0.00,  0.00,  0.0,  0.0,  0.0
1049079.50918530, 44845.757786,    0.0,    2.0, -2.0,  0.00,  0.00,  0.00,  0.0,  0.0,  0.0
1049079.51168530, 44843.700083,    0.0,    2.0, -2.0,  0.00,  0.00,  0.00,  0.0,  0.0,  0.0
1049079.51418530, 44841.351938,    0.0,    2.0, -2.0,  0.00,  0.00,  0.00,  0.0,  0.0,  0.0
1049079.51668530, 44843.517008,    0.0,    2.0, -2.0,  0.00,  0.00,  0.00,  0.0,  0.0,  0.0
1049079.51918530, 44845.038402,    0.0,    2.0, -2.0,  0.00,  0.00,  0.00,  0.0,  0.0,  0.0
1049079.52168530, 44845.224098,    0.0,    2.0, -2.0,  0.00,  0.00,  0.00,  0.0,  0.0,  0.0
1049079.52418530, 44844.752402,    0.0,    2.0, -2.0,  0.00,  0.00,  0.00,  0.0,  0.0,  0.0
1049079.52668530, 44842.909169,    0.0,    2.0, -2.0,  0.00,  0.00,  0.00,  0.0,  0.0,  0.0
1049079.52918530, 44841.402482,    0.0,    2.0, -2.0,  0.00,  0.00,  0.00,  0.0,  0.0,  0.0
1049079.53168530, 44841.025803,    0.0,    2.0, -2.0,  0.00,  0.00,  0.00,  0.0,  0.0,  0.0
1049079.53418530, 44840.649123,    0.0,    2.0, -2.0,  0.00,  0.00,  0.00,  0.0,  0.0,  0.0
1049079.53668530, 44842.449548,    0.0,    2.0, -2.0,  0.00,  0.00,  0.00,  0.0,  0.0,  0.0
1049079.53918530, 44844.319710,    0.0,    2.0, -2.0,  0.00,  0.00,  0.00,  0.0,  0.0,  0.0
1049079.54168530, 44845.143957,    0.0,    2.0, -2.0,  0.00,  0.00,  0.00,  0.0,  0.0,  0.0
1049079.54418530, 44845.365468,    0.0,    2.0, -2.0,  0.00,  0.00,  0.00,  0.0,  0.0,  0.0
1049079.54668530, 44844.730211,    0.0,    2.0, -2.0,  0.00,  0.00,  0.00,  0.0,  0.0,  0.0
1049079.54918530, 44843.393185,    0.0,    2.0, -2.0,  0.00,  0.00,  0.00,  0.0,  0.0,  0.0
1049079.55168530, 44842.056160,    0.0,    2.0, -2.0,  0.00,  0.00,  0.00,  0.0,  0.0,  0.0
1049079.55418530, 44841.040768,    0.0,    2.0, -2.0,  0.00,  0.00,  0.00,  0.0,  0.0,  0.0
1049079.55668530, 44842.167472,    0.0,    2.0, -2.0,  0.00,  0.00,  0.00,  0.0,  0.0,  0.0
1049079.55918530, 44843.892295,    0.0,    2.0, -2.0,  0.00,  0.00,  0.00,  0.0,  0.0,  0.0
1049079.56168530, 44845.832591,    0.0,    2.0, -2.0,  0.00,  0.00,  0.00,  0.0,  0.0,  0.0
1049079.56418530, 44844.564217,    0.0,    2.0, -2.0,  0.00,  0.00,  0.00,  0.0,  0.0,  0.0
1049079.56668530, 44842.898349,    0.0,    2.0, -2.0,  0.00,  0.00,  0.00,  0.0,  0.0,  0.0
1049079.56918530, 44841.150874,    0.0,    2.0, -2.0,  0.00,  0.00,  0.00,  0.0,  0.0,  0.0
1049079.57168530, 44840.933791,    0.0,    2.0, -2.0,  0.00,  0.00,  0.00,  0.0,  0.0,  0.0
1049079.57418530, 44841.831141,    0.0,    2.0, -2.0,  0.00,  0.00,  0.00,  0.0,  0.0,  0.0
1049079.57668530, 44843.666574,    0.0,    2.0, -2.0,  0.00,  0.00,  0.00,  0.0,  0.0,  0.0
1049079.57918530, 44845.377435,    0.0,    2.0, -2.0,  0.00,  0.00,  0.00,  0.0,  0.0,  0.0
1049079.58168530, 44846.165898,    0.0,    2.0, -2.0,  0.00,  0.00,  0.00,  0.0,  0.0,  0.0
1049079.58418530, 44844.846859,    0.0,    2.0, -2.0,  0.00,  0.00,  0.00,  0.0,  0.0,  0.0
1049079.58668530, 44844.428788,    0.0,    2.0, -2.0,  0.00,  0.00,  0.00,  0.0,  0.0,  0.0
1049079.58918530, 44841.940000,    0.0,    2.0, -2.0,  0.00,  0.00,  0.00,  0.0,  0.0,  0.0
1049079.59168530, 44841.149682,    0.0,    2.0, -2.0,  0.00,  0.00,  0.00,  0.0,  0.0,  0.0
1049079.59418530, 44842.299999,    0.0,    2.0, -2.0,  0.00,  0.00,  0.00,  0.0,  0.0,  0.0
1049079.59668530, 44843.605175,    0.0,    2.0, -2.0,  0.00,  0.00,  0.00,  0.0,  0.0,  0.0
1049079.59918530, 44844.782915,    0.0,    2.0, -2.0,  0.00,  0.00,  0.00,  0.0,  0.0,  0.0
1049079.60168530, 44845.577939,    0.0,    2.0, -2.0,  0.00,  0.00,  0.00,  0.0,  0.0,  0.0
1049079.60418530, 44845.613069,    0.0,    2.0, -2.0,  0.00,  0.00,  0.00,  0.0,  0.0,  0.0
1049079.60668530, 44845.648200,    0.0,    2.0, -2.0,  0.00,  0.00,  0.00,  0.0,  0.0,  0.0
1049079.60918530, 44841.169152,    0.0,    2.0, -2.0,  0.00,  0.00,  0.00,  0.0,  0.0,  0.0
1049079.61168530, 44840.156654,    0.0,    2.0, -2.0,  0.00,  0.00,  0.00,  0.0,  0.0,  0.0
1049079.61418530, 44840.156654,    0.0,    2.0, -2.0,  0.00,  0.00,  0.00,  0.0,  0.0,  0.0
1049079.61668530, 44842.389712,    0.0,    2.0, -2.0,  0.00,  0.00,  0.00,  0.0,  0.0,  0.0
1049079.62168530, 44845.411973,    0.0,    2.0, -2.0,  0.00,  0.00,  0.00,  0.0,  0.0,  0.0
1049079.62418530, 44845.856314,    0.0,    2.0, -2.0,  0.00,  0.00,  0.00,  0.0,  0.0,  0.0
1049079.62668530, 44844.166681,    0.0,    2.0, -2.0,  0.00,  0.00,  0.00,  0.0,  0.0,  0.0
1049079.62918530, 44842.619958,    0.0,    2.0, -2.0,  0.00,  0.00,  0.00,  0.0,  0.0,  0.0
1049079.63168530, 44841.072757,    0.0,    2.0, -2.0,  0.00,  0.00,  0.00,  0.0,  0.0,  0.0
1049079.63418530, 44841.549577,    0.0,    2.0, -2.0,  0.00,  0.00,  0.00,  0.0,  0.0,  0.0
1049079.63668530, 44843.078591,    0.0,    2.0, -2.0,  0.00,  0.00,  0.00,  0.0,  0.0,  0.0
1049079.63918530, 44844.827582,    0.0,    2.0, -2.0,  0.00,  0.00,  0.00,  0.0,  0.0,  0.0
1049079.64168530, 44845.681058,    0.0,    2.0, -2.0,  0.00,  0.00,  0.00,  0.0,  0.0,  0.0
1049079.64418530, 44844.402096,    0.0,    2.0, -2.0,  0.00,  0.00,  0.00,  0.0,  0.0,  0.0
1049079.64668530, 44843.994276,    0.0,    2.0, -2.0,  0.00,  0.00,  0.00,  0.0,  0.0,  0.0
1049079.64918530, 44841.704774,    0.0,    2.0, -2.0,  0.00,  0.00,  0.00,  0.0,  0.0,  0.0
1049079.65168530, 44841.229783,    0.0,    2.0, -2.0,  0.00,  0.00,  0.00,  0.0,  0.0,  0.0
1049079.65418530, 44842.569031,    0.0,    2.0, -2.0,  0.00,  0.00,  0.00,  0.0,  0.0,  0.0
1049079.65668530, 44842.836526,    0.0,    2.0, -2.0,  0.00,  0.00,  0.00,  0.0,  0.0,  0.0
1049079.65918530, 44843.629612,    0.0,    2.0, -2.0,  0.00,  0.00,  0.00,  0.0,  0.0,  0.0
1049079.66168530, 44844.422699,    0.0,    2.0, -2.0,  0.00,  0.00,  0.00,  0.0,  0.0,  0.0
1049079.66418530, 44844.284469,    0.0,    2.0, -2.0,  0.00,  0.00,  0.00,  0.0,  0.0,  0.0
1049079.66668530, 44844.176398,    0.0,    2.0, -2.0,  0.00,  0.00,  0.00,  0.0,  0.0,  0.0
1049079.66918530, 44844.176398,    0.0,    2.0, -2.0,  0.00,  0.00,  0.00,  0.0,  0.0,  0.0
1049079.67168530, 44843.812384,    0.0,    2.0, -2.0,  0.00,  0.00,  0.00,  0.0,  0.0,  0.0
1049079.67418530, 44841.314810,    0.0,    2.0, -2.0,  0.00,  0.00,  0.00,  0.0,  0.0,  0.0
1049079.67668530, 44842.031443,    0.0,    2.0, -2.0,  0.00,  0.00,  0.00,  0.0,  0.0,  0.0
1049079.67918530, 44842.773374,    0.0,    2.0, -2.0,  0.00,  0.00,  0.00,  0.0,  0.0,  0.0
1049079.68168530, 44843.989178,    0.0,    2.0, -2.0,  0.00,  0.00,  0.00,  0.0,  0.0,  0.0
1049079.68418530, 44845.204983,    0.0,    2.0, -2.0,  0.00,  0.00,  0.00,  0.0,  0.0,  0.0
1049079.68668530, 44844.827645,    0.0,    2.0, -2.0,  0.00,  0.00,  0.00,  0.0,  0.0,  0.0
1049079.68918530, 44842.620866,    0.0,    2.0, -2.0,  0.00,  0.00,  0.00,  0.0,  0.0,  0.0
1049079.69168530, 44841.289168,    0.0,    2.0, -2.0,  0.00,  0.00,  0.00,  0.0,  0.0,  0.0
1049079.69418530, 44841.478433,    0.0,    2.0, -2.0,  0.00,  0.00,  0.00,  0.0,  0.0,  0.0
1049079.69668530, 44843.033254,    0.0,    2.0, -2.0,  0.00,  0.00,  0.00,  0.0,  0.0,  0.0
1049079.69918530, 44844.712223,    0.0,    2.0, -2.0,  0.00,  0.00,  0.00,  0.0,  0.0,  0.0
1049079.70168530, 44845.539154,    0.0,    2.0, -2.0,  0.00,  0.00,  0.00,  0.0,  0.0,  0.0
1049079.70418530, 44844.281941,    0.0,    2.0, -2.0,  0.00,  0.00,  0.00,  0.0,  0.0,  0.0
1049079.70668530, 44843.738328,    0.0,    2.0, -2.0,  0.00,  0.00,  0.00,  0.0,  0.0,  0.0
1049079.70918530, 44841.282938,    0.0,    2.0, -2.0,  0.00,  0.00,  0.00,  0.0,  0.0,  0.0
1049079.71168530, 44840.882158,    0.0,    2.0, -2.0,  0.00,  0.00,  0.00,  0.0,  0.0,  0.0
1049079.71418530, 44842.768358,    0.0,    2.0, -2.0,  0.00,  0.00,  0.00,  0.0,  0.0,  0.0
1049079.71668530, 44843.199224,    0.0,    2.0, -2.0,  0.00,  0.00,  0.00,  0.0,  0.0,  0.0
1049079.71918530, 44845.131419,    0.0,    2.0, -2.0,  0.00,  0.00,  0.00,  0.0,  0.0,  0.0
1049079.72168530, 44845.826155,    0.0,    2.0, -2.0,  0.00,  0.00,  0.00,  0.0,  0.0,  0.0
1049079.72418530, 44845.729867,    0.0,    2.0, -2.0,  0.00,  0.00,  0.00,  0.0,  0.0,  0.0
1049079.72668530, 44845.633578,    0.0,    2.0, -2.0,  0.00,  0.00,  0.00,  0.0,  0.0,  0.0
1049079.72918530, 44841.097474,    0.0,    2.0, -2.0,  0.00,  0.00,  0.00,  0.0,  0.0,  0.0
1049079.73168530, 44840.680504,    0.0,    2.0, -2.0,  0.00,  0.00,  0.00,  0.0,  0.0,  0.0
1049079.73418530, 44841.218471,    0.0,    2.0, -2.0,  0.00,  0.00,  0.00,  0.0,  0.0,  0.0
1049079.73668530, 44841.836028,    0.0,    2.0, -2.0,  0.00,  0.00,  0.00,  0.0,  0.0,  0.0
1049079.73918530, 44842.453586,    0.0,    2.0, -2.0,  0.00,  0.00,  0.00,  0.0,  0.0,  0.0
1049079.74168530, 44843.686028,    0.0,    2.0, -2.0,  0.00,  0.00,  0.00,  0.0,  0.0,  0.0
1049079.74418530, 44844.942227,    0.0,    2.0, -2.0,  0.00,  0.00,  0.00,  0.0,  0.0,  0.0
1049079.74918530, 44843.525697,    0.0,    2.0, -2.0,  0.00,  0.00,  0.00,  0.0,  0.0,  0.0
1049079.75168530, 44842.061825,    0.0,    2.0, -2.0,  0.00,  0.00,  0.00,  0.0,  0.0,  0.0
1049079.75418530, 44841.155130,    0.0,    2.0, -2.0,  0.00,  0.00,  0.00,  0.0,  0.0,  0.0
1049079.75668530, 44842.044364,    0.0,    2.0, -2.0,  0.00,  0.00,  0.00,  0.0,  0.0,  0.0
1049079.75918530, 44845.305341,    0.0,    2.0, -2.0,  0.00,  0.00,  0.00,  0.0,  0.0,  0.0
1049079.76168530, 44845.850073,    0.0,    2.0, -2.0,  0.00,  0.00,  0.00,  0.0,  0.0,  0.0
1049079.76418530, 44844.568053,    0.0,    2.0, -2.0,  0.00,  0.00,  0.00,  0.0,  0.0,  0.0
1049079.76668530, 44842.567512,    0.0,    2.0, -2.0,  0.00,  0.00,  0.00,  0.0,  0.0,  0.0
1049079.76918530, 44840.729191,    0.0,    2.0, -2.0,  0.00,  0.00,  0.00,  0.0,  0.0,  0.0
1049079.77168530, 44840.681133,    0.0,    2.0, -2.0,  0.00,  0.00,  0.00,  0.0,  0.0,  0.0
1049079.77418530, 44841.561000,    0.0,    2.0, -2.0,  0.00,  0.00,  0.00,  0.0,  0.0,  0.0
1049079.77668530, 44843.423936,    0.0,    2.0, -2.0,  0.00,  0.00,  0.00,  0.0,  0.0,  0.0
1049079.77918530, 44844.890240,    0.0,    2.0, -2.0,  0.00,  0.00,  0.00,  0.0,  0.0,  0.0
1049079.78168530, 44845.383428,    0.0,    2.0, -2.0,  0.00,  0.00,  0.00,  0.0,  0.0,  0.0
1049079.78418530, 44844.327785,    0.0,    2.0, -2.0,  0.00,  0.00,  0.00,  0.0,  0.0,  0.0
1049079.78668530, 44844.261925,    0.0,    2.0, -2.0,  0.00,  0.00,  0.00,  0.0,  0.0,  0.0
1049079.78918530, 44843.481155,    0.0,    2.0, -2.0,  0.00,  0.00,  0.00,  0.0,  0.0,  0.0
1049079.79168530, 44840.940493,    0.0,    2.0, -2.0,  0.00,  0.00,  0.00,  0.0,  0.0,  0.0
1049079.79418530, 44842.615685,    0.0,    2.0, -2.0,  0.00,  0.00,  0.00,  0.0,  0.0,  0.0
1049079.79668530, 44842.775902,    0.0,    2.0, -2.0,  0.00,  0.00,  0.00,  0.0,  0.0,  0.0
1049079.79918530, 44844.735451,    0.0,    2.0, -2.0,  0.00,  0.00,  0.00,  0.0,  0.0,  0.0
1049079.80168530, 44845.523229,    0.0,    2.0, -2.0,  0.00,  0.00,  0.00,  0.0,  0.0,  0.0
1049079.80418530, 44845.748741,    0.0,    2.0, -2.0,  0.00,  0.00,  0.00,  0.0,  0.0,  0.0
1049079.80668530, 44844.400841,    0.0,    2.0, -2.0,  0.00,  0.00,  0.00,  0.0,  0.0,  0.0
1049079.80918530, 44843.539101,    0.0,    2.0, -2.0,  0.00,  0.00,  0.00,  0.0,  0.0,  0.0
1049079.81168530, 44842.677361,    0.0,    2.0, -2.0,  0.00,  0.00,  0.00,  0.0,  0.0,  0.0
1049079.81418530, 44842.140938,    0.0,    2.0, -2.0,  0.00,  0.00,  0.00,  0.0,  0.0,  0.0
1049079.81668530, 44842.048927,    0.0,    2.0, -2.0,  0.00,  0.00,  0.00,  0.0,  0.0,  0.0
1049079.81918530, 44843.948642,    0.0,    2.0, -2.0,  0.00,  0.00,  0.00,  0.0,  0.0,  0.0
1049079.82168530, 44845.809564,    0.0,    2.0, -2.0,  0.00,  0.00,  0.00,  0.0,  0.0,  0.0
1049079.82418530, 44845.101408,    0.0,    2.0, -2.0,  0.00,  0.00,  0.00,  0.0,  0.0,  0.0
1049079.82668530, 44843.654158,    0.0,    2.0, -2.0,  0.00,  0.00,  0.00,  0.0,  0.0,  0.0
1049079.82918530, 44841.855588,    0.0,    2.0, -2.0,  0.00,  0.00,  0.00,  0.0,  0.0,  0.0
1049079.83168530, 44841.418671,    0.0,    2.0, -2.0,  0.00,  0.00,  0.00,  0.0,  0.0,  0.0
1049079.83418530, 44842.715456,    0.0,    2.0, -2.0,  0.00,  0.00,  0.00,  0.0,  0.0,  0.0
1049079.83668530, 44843.168585,    0.0,    2.0, -2.0,  0.00,  0.00,  0.00,  0.0,  0.0,  0.0
1049079.83918530, 44845.243358,    0.0,    2.0, -2.0,  0.00,  0.00,  0.00,  0.0,  0.0,  0.0
1049079.84168530, 44845.982363,    0.0,    2.0, -2.0,  0.00,  0.00,  0.00,  0.0,  0.0,  0.0
1049079.84418530, 44844.955058,    0.0,    2.0, -2.0,  0.00,  0.00,  0.00,  0.0,  0.0,  0.0
1049079.84668530, 44843.088915,    0.0,    2.0, -2.0,  0.00,  0.00,  0.00,  0.0,  0.0,  0.0
1049079.84918530, 44842.247227,    0.0,    2.0, -2.0,  0.00,  0.00,  0.00,  0.0,  0.0,  0.0
1049079.85168530, 44841.752474,    0.0,    2.0, -2.0,  0.00,  0.00,  0.00,  0.0,  0.0,  0.0
1049079.85418530, 44841.391996,    0.0,    2.0, -2.0,  0.00,  0.00,  0.00,  0.0,  0.0,  0.0
1049079.85668530, 44842.940595,    0.0,    2.0, -2.0,  0.00,  0.00,  0.00,  0.0,  0.0,  0.0
1049079.85918530, 44844.396010,    0.0,    2.0, -2.0,  0.00,  0.00,  0.00,  0.0,  0.0,  0.0
1049079.86168530, 44845.406299,    0.0,    2.0, -2.0,  0.00,  0.00,  0.00,  0.0,  0.0,  0.0
1049079.86418530, 44845.834241,    0.0,    2.0, -2.0,  0.00,  0.00,  0.00,  0.0,  0.0,  0.0
1049079.86668530, 44844.560116,    0.0,    2.0, -2.0,  0.00,  0.00,  0.00,  0.0,  0.0,  0.0
1049079.86918530, 44843.476247,    0.0,    2.0, -2.0,  0.00,  0.00,  0.00,  0.0,  0.0,  0.0
1049079.87168530, 44842.402275,    0.0,    2.0, -2.0,  0.00,  0.00,  0.00,  0.0,  0.0,  0.0
1049079.87418530, 44842.408079,    0.0,    2.0, -2.0,  0.00,  0.00,  0.00,  0.0,  0.0,  0.0
1049079.87668530, 44842.575117,    0.0,    2.0, -2.0,  0.00,  0.00,  0.00,  0.0,  0.0,  0.0
1049079.87918530, 44843.608242,    0.0,    2.0, -2.0,  0.00,  0.00,  0.00,  0.0,  0.0,  0.0
1049079.88168530, 44844.917875,    0.0,    2.0, -2.0,  0.00,  0.00,  0.00,  0.0,  0.0,  0.0
1049079.88418530, 44844.429030,    0.0,    2.0, -2.0,  0.00,  0.00,  0.00,  0.0,  0.0,  0.0
1049079.88668530, 44843.946750,    0.0,    2.0, -2.0,  0.00,  0.00,  0.00,  0.0,  0.0,  0.0
1049079.88918530, 44841.722492,    0.0,    2.0, -2.0,  0.00,  0.00,  0.00,  0.0,  0.0,  0.0
1049079.89168530, 44840.852805,    0.0,    2.0, -2.0,  0.00,  0.00,  0.00,  0.0,  0.0,  0.0
1049079.89418530, 44842.446072,    0.0,    2.0, -2.0,  0.00,  0.00,  0.00,  0.0,  0.0,  0.0
1049079.89668530, 44842.863487,    0.0,    2.0, -2.0,  0.00,  0.00,  0.00,  0.0,  0.0,  0.0
1049079.89918530, 44844.923353,    0.0,    2.0, -2.0,  0.00,  0.00,  0.00,  0.0,  0.0,  0.0
1049079.90168530, 44845.831244,    0.0,    2.0, -2.0,  0.00,  0.00,  0.00,  0.0,  0.0,  0.0
1049079.90418530, 44844.147650,    0.0,    2.0, -2.0,  0.00,  0.00,  0.00,  0.0,  0.0,  0.0
1049079.90668530, 44843.975592,    0.0,    2.0, -2.0,  0.00,  0.00,  0.00,  0.0,  0.0,  0.0
1049079.90918530, 44843.457928,    0.0,    2.0, -2.0,  0.00,  0.00,  0.00,  0.0,  0.0,  0.0
1049079.91168530, 44842.940264,    0.0,    2.0, -2.0,  0.00,  0.00,  0.00,  0.0,  0.0,  0.0
1049079.91418530, 44842.422600,    0.0,    2.0, -2.0,  0.00,  0.00,  0.00,  0.0,  0.0,  0.0
1049079.91668530, 44843.018836,    0.0,    2.0, -2.0,  0.00,  0.00,  0.00,  0.0,  0.0,  0.0
1049079.91918530, 44844.587692,    0.0,    2.0, -2.0,  0.00,  0.00,  0.00,  0.0,  0.0,  0.0
1049079.92168530, 44845.170413,    0.0,    2.0, -2.0,  0.00,  0.00,  0.00,  0.0,  0.0,  0.0
1049079.92418530, 44845.749570,    0.0,    2.0, -2.0,  0.00,  0.00,  0.00,  0.0,  0.0,  0.0
1049079.92668530, 44843.309391,    0.0,    2.0, -2.0,  0.00,  0.00,  0.00,  0.0,  0.0,  0.0
1049079.92918530, 44841.577538,    0.0,    2.0, -2.0,  0.00,  0.00,  0.00,  0.0,  0.0,  0.0
1049079.93168530, 44840.892929,    0.0,    2.0, -2.0,  0.00,  0.00,  0.00,  0.0,  0.0,  0.0
1049079.93418530, 44842.222385,    0.0,    2.0, -2.0,  0.00,  0.00,  0.00,  0.0,  0.0,  0.0
1049079.93668530, 44842.401724,    0.0,    2.0, -2.0,  0.00,  0.00,  0.00,  0.0,  0.0,  0.0
1049079.93918530, 44844.632769,    0.0,    2.0, -2.0,  0.00,  0.00,  0.00,  0.0,  0.0,  0.0
1049079.94168530, 44845.320470,    0.0,    2.0, -2.0,  0.00,  0.00,  0.00,  0.0,  0.0,  0.0
1049079.94418530, 44844.831852,    0.0,    2.0, -2.0,  0.00,  0.00,  0.00,  0.0,  0.0,  0.0
1049079.94668530, 44843.354477,    0.0,    2.0, -2.0,  0.00,  0.00,  0.00,  0.0,  0.0,  0.0
1049079.94918530, 44841.451396,    0.0,    2.0, -2.0,  0.00,  0.00,  0.00,  0.0,  0.0,  0.0
1049079.95168530, 44840.566763,    0.0,    2.0, -2.0,  0.00,  0.00,  0.00,  0.0,  0.0,  0.0
1049079.95418530, 44842.204610,    0.0,    2.0, -2.0,  0.00,  0.00,  0.00,  0.0,  0.0,  0.0
1049079.95668530, 44842.783691,    0.0,    2.0, -2.0,  0.00,  0.00,  0.00,  0.0,  0.0,  0.0
1049079.95918530, 44844.932009,    0.0,    2.0, -2.0,  0.00,  0.00,  0.00,  0.0,  0.0,  0.0
1049079.96168530, 44845.393226,    0.0,    2.0, -2.0,  0.00,  0.00,  0.00,  0.0,  0.0,  0.0
1049079.96418530, 44843.887747,    0.0,    2.0, -2.0,  0.00,  0.00,  0.00,  0.0,  0.0,  0.0
1049079.96668530, 44843.426283,    0.0,    2.0, -2.0,  0.00,  0.00,  0.00,  0.0,  0.0,  0.0
1049079.96918530, 44841.223518,    0.0,    2.0, -2.0,  0.00,  0.00,  0.00,  0.0,  0.0,  0.0
1049079.97168530, 44840.773408,    0.0,    2.0, -2.0,  0.00,  0.00,  0.00,  0.0,  0.0,  0.0
1049079.97418530, 44841.653650,    0.0,    2.0, -2.0,  0.00,  0.00,  0.00,  0.0,  0.0,  0.0
1049079.97668530, 44842.692902,    0.0,    2.0, -2.0,  0.00,  0.00,  0.00,  0.0,  0.0,  0.0
1049079.97918530, 44844.321718,    0.0,    2.0, -2.0,  0.00,  0.00,  0.00,  0.0,  0.0,  0.0
1049079.98168530, 44845.543698,    0.0,    2.0, -2.0,  0.00,  0.00,  0.00,  0.0,  0.0,  0.0
1049079.98418530, 44845.813722,    0.0,    2.0, -2.0,  0.00,  0.00,  0.00,  0.0,  0.0,  0.0
1049079.98668530, 44844.603155,    0.0,    2.0, -2.0,  0.00,  0.00,  0.00,  0.0,  0.0,  0.0
1049079.98918530, 44841.661155,    0.0,    2.0, -2.0,  0.00,  0.00,  0.00,  0.0,  0.0,  0.0
1049079.99168530, 44840.947774,    0.0,    2.0, -2.0,  0.00,  0.00,  0.00,  0.0,  0.0,  0.0
1049079.99418530, 44840.947774,    0.0,    2.0, -2.0,  0.00,  0.00,  0.00,  0.0,  0.0,  0.0
1049079.99668530, 44842.557698,    0.0,    2.0, -2.0,  0.00,  0.00,  0.00,  0.0,  0.0,  0.0
1049079.99918530, 44844.599302,    0.0,    2.0, -2.0,  0.00,  0.00,  0.00,  0.0,  0.0,  0.0
1049080.00168530, 44846.210625,    0.0,    2.0, -2.0,  0.00,  0.00,  0.00,  0.0,  0.0,  0.0
1049080.00418530, 44845.923525,    0.0,    2.0, -2.0,  0.00,  0.00,  0.00,  0.0,  0.0,  0.0
1049080.00668530, 44844.283472,    0.0,    2.0, -2.0,  0.00,  0.00,  0.00,  0.0,  0.0,  0.0
1049080.00918530, 44842.510331,    0.0,    2.0, -2.0,  0.00,  0.00,  0.00,  0.0,  0.0,  0.0
1049080.01168530, 44841.306617,    0.0,    2.0, -2.0,  0.00,  0.00,  0.00,  0.0,  0.0,  0.0
1049080.01418530, 44841.734708,    0.0,    2.0, -2.0,  0.00,  0.00,  0.00,  0.0,  0.0,  0.0
1049080.01668530, 44843.824120,    0.0,    2.0, -2.0,  0.00,  0.00,  0.00,  0.0,  0.0,  0.0
1049080.01918530, 44845.972454,    0.0,    2.0, -2.0,  0.00,  0.00,  0.00,  0.0,  0.0,  0.0
1049080.02168530, 44845.676177,    0.0,    2.0, -2.0,  0.00,  0.00,  0.00,  0.0,  0.0,  0.0
1049080.02418530, 44844.327743,    0.0,    2.0, -2.0,  0.00,  0.00,  0.00,  0.0,  0.0,  0.0
1049080.02668530, 44843.902069,    0.0,    2.0, -2.0,  0.00,  0.00,  0.00,  0.0,  0.0,  0.0
1049080.03168530, 44841.100199,    0.0,    2.0, -2.0,  0.00,  0.00,  0.00,  0.0,  0.0,  0.0
1049080.03418530, 44841.715411,    0.0,    2.0, -2.0,  0.00,  0.00,  0.00,  0.0,  0.0,  0.0
1049080.03668530, 44842.413988,    0.0,    2.0, -2.0,  0.00,  0.00,  0.00,  0.0,  0.0,  0.0
1049080.03918530, 44844.720628,    0.0,    2.0, -2.0,  0.00,  0.00,  0.00,  0.0,  0.0,  0.0
1049080.04168530, 44845.745312,    0.0,    2.0, -2.0,  0.00,  0.00,  0.00,  0.0,  0.0,  0.0
1049080.04418530, 44845.706397,    0.0,    2.0, -2.0,  0.00,  0.00,  0.00,  0.0,  0.0,  0.0
1049080.04668530, 44845.487050,    0.0,    2.0, -2.0,  0.00,  0.00,  0.00,  0.0,  0.0,  0.0
1049080.04918530, 44844.201026,    0.0,    2.0, -2.0,  0.00,  0.00,  0.00,  0.0,  0.0,  0.0
1049080.05168530, 44842.915001,    0.0,    2.0, -2.0,  0.00,  0.00,  0.00,  0.0,  0.0,  0.0
1049080.05418530, 44842.167849,    0.0,    2.0, -2.0,  0.00,  0.00,  0.00,  0.0,  0.0,  0.0
1049080.05668530, 44842.197173,    0.0,    2.0, -2.0,  0.00,  0.00,  0.00,  0.0,  0.0,  0.0
1049080.05918530, 44842.569165,    0.0,    2.0, -2.0,  0.00,  0.00,  0.00,  0.0,  0.0,  0.0
1049080.06168530, 44844.140371,    0.0,    2.0, -2.0,  0.00,  0.00,  0.00,  0.0,  0.0,  0.0
1049080.06418530, 44845.139068,    0.0,    2.0, -2.0,  0.00,  0.00,  0.00,  0.0,  0.0,  0.0
1049080.06668530, 44843.712095,    0.0,    2.0, -2.0,  0.00,  0.00,  0.00,  0.0,  0.0,  0.0
1049080.06918530, 44841.678333,    0.0,    2.0, -2.0,  0.00,  0.00,  0.00,  0.0,  0.0,  0.0
1049080.07168530, 44840.745847,    0.0,    2.0, -2.0,  0.00,  0.00,  0.00,  0.0,  0.0,  0.0
1049080.07418530, 44841.141194,    0.0,    2.0, -2.0,  0.00,  0.00,  0.00,  0.0,  0.0,  0.0
1049080.07668530, 44842.537978,    0.0,    2.0, -2.0,  0.00,  0.00,  0.00,  0.0,  0.0,  0.0
1049080.07918530, 44844.973544,    0.0,    2.0, -2.0,  0.00,  0.00,  0.00,  0.0,  0.0,  0.0
1049080.08168530, 44846.098988,    0.0,    2.0, -2.0,  0.00,  0.00,  0.00,  0.0,  0.0,  0.0
1049080.08418530, 44845.365998,    0.0,    2.0, -2.0,  0.00,  0.00,  0.00,  0.0,  0.0,  0.0
1049080.08668530, 44843.731340,    0.0,    2.0, -2.0,  0.00,  0.00,  0.00,  0.0,  0.0,  0.0
1049080.08918530, 44841.728984,    0.0,    2.0, -2.0,  0.00,  0.00,  0.00,  0.0,  0.0,  0.0
1049080.09168530, 44840.811548,    0.0,    2.0, -2.0,  0.00,  0.00,  0.00,  0.0,  0.0,  0.0
1049080.09418530, 44841.313290,    0.0,    2.0, -2.0,  0.00,  0.00,  0.00,  0.0,  0.0,  0.0
1049080.09668530, 44842.139847,    0.0,    2.0, -2.0,  0.00,  0.00,  0.00,  0.0,  0.0,  0.0
1049080.09918530, 44843.623728,    0.0,    2.0, -2.0,  0.00,  0.00,  0.00,  0.0,  0.0,  0.0
1049080.10168530, 44845.623377,    0.0,    2.0, -2.0,  0.00,  0.00,  0.00,  0.0,  0.0,  0.0
1049080.10418530, 44845.669657,    0.0,    2.0, -2.0,  0.00,  0.00,  0.00,  0.0,  0.0,  0.0
1049080.10668530, 44844.942858,    0.0,    2.0, -2.0,  0.00,  0.00,  0.00,  0.0,  0.0,  0.0
1049080.10918530, 44842.181510,    0.0,    2.0, -2.0,  0.00,  0.00,  0.00,  0.0,  0.0,  0.0
1049080.11168530, 44841.384227,    0.0,    2.0, -2.0,  0.00,  0.00,  0.00,  0.0,  0.0,  0.0
1049080.11418530, 44841.135622,    0.0,    2.0, -2.0,  0.00,  0.00,  0.00,  0.0,  0.0,  0.0
1049080.11668530, 44841.812804,    0.0,    2.0, -2.0,  0.00,  0.00,  0.00,  0.0,  0.0,  0.0
1049080.11918530, 44843.348583,    0.0,    2.0, -2.0,  0.00,  0.00,  0.00,  0.0,  0.0,  0.0
1049080.12168530, 44845.747558,    0.0,    2.0, -2.0,  0.00,  0.00,  0.00,  0.0,  0.0,  0.0
1049080.12418530, 44845.581090,    0.0,    2.0, -2.0,  0.00,  0.00,  0.00,  0.0,  0.0,  0.0
1049080.12668530, 44844.657216,    0.0,    2.0, -2.0,  0.00,  0.00,  0.00,  0.0,  0.0,  0.0
1049080.12918530, 44842.289351,    0.0,    2.0, -2.0,  0.00,  0.00,  0.00,  0.0,  0.0,  0.0
1049080.13168530, 44841.023641,    0.0,    2.0, -2.0,  0.00,  0.00,  0.00,  0.0,  0.0,  0.0
1049080.13418530, 44841.918753,    0.0,    2.0, -2.0,  0.00,  0.00,  0.00,  0.0,  0.0,  0.0
1049080.13668530, 44843.560929,    0.0,    2.0, -2.0,  0.00,  0.00,  0.00,  0.0,  0.0,  0.0
1049080.13918530, 44845.344437,    0.0,    2.0, -2.0,  0.00,  0.00,  0.00,  0.0,  0.0,  0.0
1049080.14168530, 44846.153023,    0.0,    2.0, -2.0,  0.00,  0.00,  0.00,  0.0,  0.0,  0.0
1049080.14668530, 44843.544857,    0.0,    2.0, -2.0,  0.00,  0.00,  0.00,  0.0,  0.0,  0.0
1049080.14918530, 44841.726303,    0.0,    2.0, -2.0,  0.00,  0.00,  0.00,  0.0,  0.0,  0.0
1049080.15168530, 44841.126916,    0.0,    2.0, -2.0,  0.00,  0.00,  0.00,  0.0,  0.0,  0.0
1049080.15418530, 44841.766916,    0.0,    2.0, -2.0,  0.00,  0.00,  0.00,  0.0,  0.0,  0.0
1049080.15668530, 44842.606999,    0.0,    2.0, -2.0,  0.00,  0.00,  0.00,  0.0,  0.0,  0.0
1049080.15918530, 44843.254491,    0.0,    2.0, -2.0,  0.00,  0.00,  0.00,  0.0,  0.0,  0.0
1049080.16168530, 44843.901983,    0.0,    2.0, -2.0,  0.00,  0.00,  0.00,  0.0,  0.0,  0.0
1049080.16418530, 44845.749711,    0.0,    2.0, -2.0,  0.00,  0.00,  0.00,  0.0,  0.0,  0.0
1049080.16668530, 44845.398898,    0.0,    2.0, -2.0,  0.00,  0.00,  0.00,  0.0,  0.0,  0.0
1049080.16918530, 44844.760648,    0.0,    2.0, -2.0,  0.00,  0.00,  0.00,  0.0,  0.0,  0.0
1049080.17168530, 44843.838260,    0.0,    2.0, -2.0,  0.00,  0.00,  0.00,  0.0,  0.0,  0.0
1049080.17418530, 44842.548852,    0.0,    2.0, -2.0,  0.00,  0.00,  0.00,  0.0,  0.0,  0.0
1049080.17668530, 44841.259444,    0.0,    2.0, -2.0,  0.00,  0.00,  0.00,  0.0,  0.0,  0.0
1049080.17918530, 44843.721833,    0.0,    2.0, -2.0,  0.00,  0.00,  0.00,  0.0,  0.0,  0.0
1049080.18168530, 44845.883989,    0.0,    2.0, -2.0,  0.00,  0.00,  0.00,  0.0,  0.0,  0.0
1049080.18418530, 44845.778499,    0.0,    2.0, -2.0,  0.00,  0.00,  0.00,  0.0,  0.0,  0.0
1049080.18668530, 44843.055465,    0.0,    2.0, -2.0,  0.00,  0.00,  0.00,  0.0,  0.0,  0.0
1049080.18918530, 44842.180589,    0.0,    2.0, -2.0,  0.00,  0.00,  0.00,  0.0,  0.0,  0.0
1049080.19168530, 44840.917035,    0.0,    2.0, -2.0,  0.00,  0.00,  0.00,  0.0,  0.0,  0.0
1049080.19418530, 44841.115967,    0.0,    2.0, -2.0,  0.00,  0.00,  0.00,  0.0,  0.0,  0.0
1049080.19668530, 44842.605673,    0.0,    2.0, -2.0,  0.00,  0.00,  0.00,  0.0,  0.0,  0.0
1049080.19918530, 44844.190720,    0.0,    2.0, -2.0,  0.00,  0.00,  0.00,  0.0,  0.0,  0.0
1049080.20168530, 44845.513257,    0.0,    2.0, -2.0,  0.00,  0.00,  0.00,  0.0,  0.0,  0.0
1049080.20418530, 44844.922239,    0.0,    2.0, -2.0,  0.00,  0.00,  0.00,  0.0,  0.0,  0.0
1049080.20668530, 44843.480708,    0.0,    2.0, -2.0,  0.00,  0.00,  0.00,  0.0,  0.0,  0.0
1049080.20918530, 44841.568197,    0.0,    2.0, -2.0,  0.00,  0.00,  0.00,  0.0,  0.0,  0.0
1049080.21168530, 44840.656962,    0.0,    2.0, -2.0,  0.00,  0.00,  0.00,  0.0,  0.0,  0.0
1049080.21418530, 44841.327617,    0.0,    2.0, -2.0,  0.00,  0.00,  0.00,  0.0,  0.0,  0.0
1049080.21668530, 44842.836112,    0.0,    2.0, -2.0,  0.00,  0.00,  0.00,  0.0,  0.0,  0.0
1049080.21918530, 44844.318390,    0.0,    2.0, -2.0,  0.00,  0.00,  0.00,  0.0,  0.0,  0.0
1049080.22168530, 44845.089486,    0.0,    2.0, -2.0,  0.00,  0.00,  0.00,  0.0,  0.0,  0.0
1049080.22418530, 44845.006828,    0.0,    2.0, -2.0,  0.00,  0.00,  0.00,  0.0,  0.0,  0.0
1049080.22668530, 44843.440760,    0.0,    2.0, -2.0,  0.00,  0.00,  0.00,  0.0,  0.0,  0.0
1049080.22918530, 44841.839376,    0.0,    2.0, -2.0,  0.00,  0.00,  0.00,  0.0,  0.0,  0.0
1049080.23168530, 44841.279820,    0.0,    2.0, -2.0,  0.00,  0.00,  0.00,  0.0,  0.0,  0.0
1049080.23418530, 44840.906234,    0.0,    2.0, -2.0,  0.00,  0.00,  0.00,  0.0,  0.0,  0.0
1049080.23668530, 44841.395463,    0.0,    2.0, -2.0,  0.00,  0.00,  0.00,  0.0,  0.0,  0.0
1049080.23918530, 44841.884692,    0.0,    2.0, -2.0,  0.00,  0.00,  0.00,  0.0,  0.0,  0.0
1049080.24168530, 44843.870437,    0.0,    2.0, -2.0,  0.00,  0.00,  0.00,  0.0,  0.0,  0.0
1049080.24418530, 44845.421047,    0.0,    2.0, -2.0,  0.00,  0.00,  0.00,  0.0,  0.0,  0.0
1049080.24668530, 44844.273159,    0.0,    2.0, -2.0,  0.00,  0.00,  0.00,  0.0,  0.0,  0.0
1049080.24918530, 44842.973953,    0.0,    2.0, -2.0,  0.00,  0.00,  0.00,  0.0,  0.0,  0.0
1049080.25168530, 44841.746653,    0.0,    2.0, -2.0,  0.00,  0.00,  0.00,  0.0,  0.0,  0.0
1049080.25418530, 44842.257435,    0.0,    2.0, -2.0,  0.00,  0.00,  0.00,  0.0,  0.0,  0.0
1049080.25668530, 44844.120864,    0.0,    2.0, -2.0,  0.00,  0.00,  0.00,  0.0,  0.0,  0.0
1049080.25918530, 44845.586611,    0.0,    2.0, -2.0,  0.00,  0.00,  0.00,  0.0,  0.0,  0.0
1049080.26168530, 44845.728598,    0.0,    2.0, -2.0,  0.00,  0.00,  0.00,  0.0,  0.0,  0.0
1049080.26418530, 44845.466807,    0.0,    2.0, -2.0,  0.00,  0.00,  0.00,  0.0,  0.0,  0.0
1049080.26668530, 44843.155061,    0.0,    2.0, -2.0,  0.00,  0.00,  0.00,  0.0,  0.0,  0.0
1049080.26918530, 44841.210400,    0.0,    2.0, -2.0,  0.00,  0.00,  0.00,  0.0,  0.0,  0.0
1049080.27168530, 44840.709183,    0.0,    2.0, -2.0,  0.00,  0.00,  0.00,  0.0,  0.0,  0.0
1049080.27418530, 44840.943209,    0.0,    2.0, -2.0,  0.00,  0.00,  0.00,  0.0,  0.0,  0.0
1049080.27668530, 44842.851162,    0.0,    2.0, -2.0,  0.00,  0.00,  0.00,  0.0,  0.0,  0.0
1049080.27918530, 44845.250446,    0.0,    2.0, -2.0,  0.00,  0.00,  0.00,  0.0,  0.0,  0.0
1049080.28168530, 44845.922261,    0.0,    2.0, -2.0,  0.00,  0.00,  0.00,  0.0,  0.0,  0.0
1049080.28418530, 44845.929691,    0.0,    2.0, -2.0,  0.00,  0.00,  0.00,  0.0,  0.0,  0.0
1049080.28668530, 44845.929691,    0.0,    2.0, -2.0,  0.00,  0.00,  0.00,  0.0,  0.0,  0.0
1049080.28918530, 44844.026213,    0.0,    2.0, -2.0,  0.00,  0.00,  0.00,  0.0,  0.0,  0.0
1049080.29168530, 44840.798355,    0.0,    2.0, -2.0,  0.00,  0.00,  0.00,  0.0,  0.0,  0.0
1049080.29418530, 44840.731526,    0.0,    2.0, -2.0,  0.00,  0.00,  0.00,  0.0,  0.0,  0.0
1049080.29668530, 44843.674756,    0.0,    2.0, -2.0,  0.00,  0.00,  0.00,  0.0,  0.0,  0.0
1049080.29918530, 44844.358142,    0.0,    2.0, -2.0,  0.00,  0.00,  0.00,  0.0,  0.0,  0.0
1049080.30168530, 44845.599659,    0.0,    2.0, -2.0,  0.00,  0.00,  0.00,  0.0,  0.0,  0.0
1049080.30418530, 44844.981865,    0.0,    2.0, -2.0,  0.00,  0.00,  0.00,  0.0,  0.0,  0.0
1049080.30668530, 44842.811245,    0.0,    2.0, -2.0,  0.00,  0.00,  0.00,  0.0,  0.0,  0.0
1049080.30918530, 44842.451455,    0.0,    2.0, -2.0,  0.00,  0.00,  0.00,  0.0,  0.0,  0.0
1049080.31168530, 44841.213340,    0.0,    2.0, -2.0,  0.00,  0.00,  0.00,  0.0,  0.0,  0.0
1049080.31418530, 44841.019445,    0.0,    2.0, -2.0,  0.00,  0.00,  0.00,  0.0,  0.0,  0.0
1049080.31668530, 44842.681541,    0.0,    2.0, -2.0,  0.00,  0.00,  0.00,  0.0,  0.0,  0.0
1049080.32168530, 44845.792880,    0.0,    2.0, -2.0,  0.00,  0.00,  0.00,  0.0,  0.0,  0.0
1049080.32418530, 44844.488037,    0.0,    2.0, -2.0,  0.00,  0.00,  0.00,  0.0,  0.0,  0.0
1049080.32668530, 44842.349473,    0.0,    2.0, -2.0,  0.00,  0.00,  0.00,  0.0,  0.0,  0.0
1049080.32918530, 44841.991376,    0.0,    2.0, -2.0,  0.00,  0.00,  0.00,  0.0,  0.0,  0.0
1049080.33168530, 44841.014393,    0.0,    2.0, -2.0,  0.00,  0.00,  0.00,  0.0,  0.0,  0.0
1049080.33418530, 44842.222665,    0.0,    2.0, -2.0,  0.00,  0.00,  0.00,  0.0,  0.0,  0.0
1049080.33668530, 44844.265231,    0.0,    2.0, -2.0,  0.00,  0.00,  0.00,  0.0,  0.0,  0.0
1049080.33918530, 44844.655175,    0.0,    2.0, -2.0,  0.00,  0.00,  0.00,  0.0,  0.0,  0.0
1049080.34168530, 44846.101278,    0.0,    2.0, -2.0,  0.00,  0.00,  0.00,  0.0,  0.0,  0.0
1049080.34418530, 44845.073264,    0.0,    2.0, -2.0,  0.00,  0.00,  0.00,  0.0,  0.0,  0.0
1049080.34668530, 44843.993247,    0.0,    2.0, -2.0,  0.00,  0.00,  0.00,  0.0,  0.0,  0.0
1049080.34918530, 44843.240619,    0.0,    2.0, -2.0,  0.00,  0.00,  0.00,  0.0,  0.0,  0.0
1049080.35168530, 44842.418251,    0.0,    2.0, -2.0,  0.00,  0.00,  0.00,  0.0,  0.0,  0.0
1049080.35418530, 44840.937714,    0.0,    2.0, -2.0,  0.00,  0.00,  0.00,  0.0,  0.0,  0.0
1049080.35668530, 44841.380164,    0.0,    2.0, -2.0,  0.00,  0.00,  0.00,  0.0,  0.0,  0.0
1049080.35918530, 44841.822614,    0.0,    2.0, -2.0,  0.00,  0.00,  0.00,  0.0,  0.0,  0.0
1049080.36168530, 44845.001764,    0.0,    2.0, -2.0,  0.00,  0.00,  0.00,  0.0,  0.0,  0.0
1049080.36418530, 44845.758638,    0.0,    2.0, -2.0,  0.00,  0.00,  0.00,  0.0,  0.0,  0.0
1049080.36668530, 44845.758638,    0.0,    2.0, -2.0,  0.00,  0.00,  0.00,  0.0,  0.0,  0.0
1049080.36918530, 44844.166911,    0.0,    2.0, -2.0,  0.00,  0.00,  0.00,  0.0,  0.0,  0.0
1049080.37168530, 44841.491017,    0.0,    2.0, -2.0,  0.00,  0.00,  0.00,  0.0,  0.0,  0.0
1049080.37418530, 44840.953575,    0.0,    2.0, -2.0,  0.00,  0.00,  0.00,  0.0,  0.0,  0.0
1049080.37668530, 44841.829309,    0.0,    2.0, -2.0,  0.00,  0.00,  0.00,  0.0,  0.0,  0.0
1049080.37918530, 44843.691454,    0.0,    2.0, -2.0,  0.00,  0.00,  0.00,  0.0,  0.0,  0.0
1049080.38168530, 44846.224277,    0.0,    2.0, -2.0,  0.00,  0.00,  0.00,  0.0,  0.0,  0.0
1049080.38418530, 44845.237223,    0.0,    2.0, -2.0,  0.00,  0.00,  0.00,  0.0,  0.0,  0.0
1049080.38668530, 44843.265076,    0.0,    2.0, -2.0,  0.00,  0.00,  0.00,  0.0,  0.0,  0.0
1049080.38918530, 44841.008585,    0.0,    2.0, -2.0,  0.00,  0.00,  0.00,  0.0,  0.0,  0.0
1049080.39168530, 44840.549849,    0.0,    2.0, -2.0,  0.00,  0.00,  0.00,  0.0,  0.0,  0.0
1049080.39418530, 44840.909398,    0.0,    2.0, -2.0,  0.00,  0.00,  0.00,  0.0,  0.0,  0.0
1049080.39668530, 44842.776673,    0.0,    2.0, -2.0,  0.00,  0.00,  0.00,  0.0,  0.0,  0.0
1049080.39918530, 44844.431609,    0.0,    2.0, -2.0,  0.00,  0.00,  0.00,  0.0,  0.0,  0.0
1049080.40168530, 44845.601815,    0.0,    2.0, -2.0,  0.00,  0.00,  0.00,  0.0,  0.0,  0.0
1049080.40418530, 44844.711081,    0.0,    2.0, -2.0,  0.00,  0.00,  0.00,  0.0,  0.0,  0.0
1049080.40668530, 44842.411199,    0.0,    2.0, -2.0,  0.00,  0.00,  0.00,  0.0,  0.0,  0.0
1049080.40918530, 44842.262013,    0.0,    2.0, -2.0,  0.00,  0.00,  0.00,  0.0,  0.0,  0.0
1049080.41168530, 44841.532123,    0.0,    2.0, -2.0,  0.00,  0.00,  0.00,  0.0,  0.0,  0.0
1049080.41418530, 44840.802233,    0.0,    2.0, -2.0,  0.00,  0.00,  0.00,  0.0,  0.0,  0.0
1049080.41668530, 44842.327117,    0.0,    2.0, -2.0,  0.00,  0.00,  0.00,  0.0,  0.0,  0.0
1049080.41918530, 44843.376734,    0.0,    2.0, -2.0,  0.00,  0.00,  0.00,  0.0,  0.0,  0.0
1049080.42168530, 44844.426351,    0.0,    2.0, -2.0,  0.00,  0.00,  0.00,  0.0,  0.0,  0.0
1049080.42418530, 44844.472306,    0.0,    2.0, -2.0,  0.00,  0.00,  0.00,  0.0,  0.0,  0.0
1049080.42668530, 44844.313740,    0.0,    2.0, -2.0,  0.00,  0.00,  0.00,  0.0,  0.0,  0.0
1049080.42918530, 44843.697075,    0.0,    2.0, -2.0,  0.00,  0.00,  0.00,  0.0,  0.0,  0.0
1049080.43168530, 44841.262579,    0.0,    2.0, -2.0,  0.00,  0.00,  0.00,  0.0,  0.0,  0.0
1049080.43418530, 44840.596269,    0.0,    2.0, -2.0,  0.00,  0.00,  0.00,  0.0,  0.0,  0.0
1049080.43668530, 44841.487856,    0.0,    2.0, -2.0,  0.00,  0.00,  0.00,  0.0,  0.0,  0.0
1049080.43918530, 44843.667664,    0.0,    2.0, -2.0,  0.00,  0.00,  0.00,  0.0,  0.0,  0.0
1049080.44168530, 44846.029171,    0.0,    2.0, -2.0,  0.00,  0.00,  0.00,  0.0,  0.0,  0.0
1049080.44418530, 44846.066904,    0.0,    2.0, -2.0,  0.00,  0.00,  0.00,  0.0,  0.0,  0.0
1049080.44668530, 44843.139223,    0.0,    2.0, -2.0,  0.00,  0.00,  0.00,  0.0,  0.0,  0.0
1049080.44918530, 44842.107057,    0.0,    2.0, -2.0,  0.00,  0.00,  0.00,  0.0,  0.0,  0.0
1049080.45168530, 44841.325680,    0.0,    2.0, -2.0,  0.00,  0.00,  0.00,  0.0,  0.0,  0.0
1049080.45418530, 44842.420216,    0.0,    2.0, -2.0,  0.00,  0.00,  0.00,  0.0,  0.0,  0.0
1049080.45668530, 44844.143870,    0.0,    2.0, -2.0,  0.00,  0.00,  0.00,  0.0,  0.0,  0.0
1049080.45918530, 44844.534360,    0.0,    2.0, -2.0,  0.00,  0.00,  0.00,  0.0,  0.0,  0.0
1049080.46168530, 44845.731332,    0.0,    2.0, -2.0,  0.00,  0.00,  0.00,  0.0,  0.0,  0.0
1049080.46418530, 44844.705405,    0.0,    2.0, -2.0,  0.00,  0.00,  0.00,  0.0,  0.0,  0.0
1049080.46668530, 44842.584112,    0.0,    2.0, -2.0,  0.00,  0.00,  0.00,  0.0,  0.0,  0.0
1049080.46918530, 44842.257505,    0.0,    2.0, -2.0,  0.00,  0.00,  0.00,  0.0,  0.0,  0.0
1049080.47168530, 44841.292920,    0.0,    2.0, -2.0,  0.00,  0.00,  0.00,  0.0,  0.0,  0.0
1049080.47418530, 44841.352074,    0.0,    2.0, -2.0,  0.00,  0.00,  0.00,  0.0,  0.0,  0.0
1049080.47668530, 44841.614565,    0.0,    2.0, -2.0,  0.00,  0.00,  0.00,  0.0,  0.0,  0.0
1049080.47918530, 44844.454265,    0.0,    2.0, -2.0,  0.00,  0.00,  0.00,  0.0,  0.0,  0.0
1049080.48168530, 44845.475400,    0.0,    2.0, -2.0,  0.00,  0.00,  0.00,  0.0,  0.0,  0.0
1049080.48418530, 44845.595655,    0.0,    2.0, -2.0,  0.00,  0.00,  0.00,  0.0,  0.0,  0.0
1049080.48668530, 44844.263229,    0.0,    2.0, -2.0,  0.00,  0.00,  0.00,  0.0,  0.0,  0.0
1049080.48918530, 44842.228223,    0.0,    2.0, -2.0,  0.00,  0.00,  0.00,  0.0,  0.0,  0.0
1049080.49168530, 44841.365991,    0.0,    2.0, -2.0,  0.00,  0.00,  0.00,  0.0,  0.0,  0.0
1049080.49418530, 44841.611248,    0.0,    2.0, -2.0,  0.00,  0.00,  0.00,  0.0,  0.0,  0.0
1049080.49668530, 44843.364528,    0.0,    2.0, -2.0,  0.00,  0.00,  0.00,  0.0,  0.0,  0.0
1049080.49918530, 44844.925985,    0.0,    2.0, -2.0,  0.00,  0.00,  0.00,  0.0,  0.0,  0.0
1049080.50168530, 44845.796907,    0.0,    2.0, -2.0,  0.00,  0.00,  0.00,  0.0,  0.0,  0.0
1049080.50418530, 44845.981993,    0.0,    2.0, -2.0,  0.00,  0.00,  0.00,  0.0,  0.0,  0.0
1049080.50668530, 44842.252053,    0.0,    2.0, -2.0,  0.00,  0.00,  0.00,  0.0,  0.0,  0.0
1049080.50918530, 44842.252053,    0.0,    2.0, -2.0,  0.00,  0.00,  0.00,  0.0,  0.0,  0.0
1049080.51168530, 44840.766030,    0.0,    2.0, -2.0,  0.00,  0.00,  0.00,  0.0,  0.0,  0.0
1049080.51418530, 44841.183520,    0.0,    2.0, -2.0,  0.00,  0.00,  0.00,  0.0,  0.0,  0.0
1049080.51668530, 44843.265891,    0.0,    2.0, -2.0,  0.00,  0.00,  0.00,  0.0,  0.0,  0.0
1049080.51918530, 44845.135634,    0.0,    2.0, -2.0,  0.00,  0.00,  0.00,  0.0,  0.0,  0.0
1049080.52168530, 44845.566204,    0.0,    2.0, -2.0,  0.00,  0.00,  0.00,  0.0,  0.0,  0.0
1049080.52418530, 44845.347726,    0.0,    2.0, -2.0,  0.00,  0.00,  0.00,  0.0,  0.0,  0.0
1049080.52668530, 44843.635532,    0.0,    2.0, -2.0,  0.00,  0.00,  0.00,  0.0,  0.0,  0.0
1049080.52918530, 44841.253440,    0.0,    2.0, -2.0,  0.00,  0.00,  0.00,  0.0,  0.0,  0.0
1049080.53168530, 44840.691195,    0.0,    2.0, -2.0,  0.00,  0.00,  0.00,  0.0,  0.0,  0.0
1049080.53418530, 44840.850792,    0.0,    2.0, -2.0,  0.00,  0.00,  0.00,  0.0,  0.0,  0.0
1049080.53668530, 44841.821346,    0.0,    2.0, -2.0,  0.00,  0.00,  0.00,  0.0,  0.0,  0.0
1049080.53918530, 44843.538847,    0.0,    2.0, -2.0,  0.00,  0.00,  0.00,  0.0,  0.0,  0.0
1049080.54168530, 44845.630705,    0.0,    2.0, -2.0,  0.00,  0.00,  0.00,  0.0,  0.0,  0.0
1049080.54418530, 44845.557408,    0.0,    2.0, -2.0,  0.00,  0.00,  0.00,  0.0,  0.0,  0.0
1049080.54668530, 44844.699449,    0.0,    2.0, -2.0,  0.00,  0.00,  0.00,  0.0,  0.0,  0.0
1049080.54918530, 44843.541247,    0.0,    2.0, -2.0,  0.00,  0.00,  0.00,  0.0,  0.0,  0.0
1049080.55168530, 44842.037770,    0.0,    2.0, -2.0,  0.00,  0.00,  0.00,  0.0,  0.0,  0.0
1049080.55418530, 44840.568791,    0.0,    2.0, -2.0,  0.00,  0.00,  0.00,  0.0,  0.0,  0.0
1049080.55668530, 44841.959557,    0.0,    2.0, -2.0,  0.00,  0.00,  0.00,  0.0,  0.0,  0.0
1049080.55918530, 44843.401099,    0.0,    2.0, -2.0,  0.00,  0.00,  0.00,  0.0,  0.0,  0.0
1049080.56168530, 44844.800599,    0.0,    2.0, -2.0,  0.00,  0.00,  0.00,  0.0,  0.0,  0.0
1049080.56418530, 44845.734754,    0.0,    2.0, -2.0,  0.00,  0.00,  0.00,  0.0,  0.0,  0.0
1049080.56668530, 44844.022592,    0.0,    2.0, -2.0,  0.00,  0.00,  0.00,  0.0,  0.0,  0.0
